-- phpMyAdmin SQL Dump
-- version 4.8.0.1
-- https://www.phpmyadmin.net/
--
-- Host: 127.0.0.1
-- 생성 시간: 18-06-04 17:12
-- 서버 버전: 10.1.32-MariaDB
-- PHP 버전: 5.6.36

SET SQL_MODE = "NO_AUTO_VALUE_ON_ZERO";
SET AUTOCOMMIT = 0;
START TRANSACTION;
SET time_zone = "+00:00";


/*!40101 SET @OLD_CHARACTER_SET_CLIENT=@@CHARACTER_SET_CLIENT */;
/*!40101 SET @OLD_CHARACTER_SET_RESULTS=@@CHARACTER_SET_RESULTS */;
/*!40101 SET @OLD_COLLATION_CONNECTION=@@COLLATION_CONNECTION */;
/*!40101 SET NAMES utf8mb4 */;

--
-- 데이터베이스: `mydb`
--

-- --------------------------------------------------------

--
-- 테이블 구조 `admin`
--

CREATE TABLE `admin` (
  `name` varchar(45) NOT NULL,
  `pswd` varchar(45) NOT NULL,
  `bigdreamCode` varchar(45) NOT NULL
) ENGINE=InnoDB DEFAULT CHARSET=utf8;

--
-- 테이블의 덤프 데이터 `admin`
--

INSERT INTO `admin` (`name`, `pswd`, `bigdreamCode`) VALUES
('testAdmin', '1234', 'testCode');

-- --------------------------------------------------------

--
-- 테이블 구조 `cart`
--

CREATE TABLE `cart` (
  `userID` varchar(45) NOT NULL,
  `itemID` int(45) NOT NULL
) ENGINE=InnoDB DEFAULT CHARSET=utf8;

--
-- 테이블의 덤프 데이터 `cart`
--

INSERT INTO `cart` (`userID`, `itemID`) VALUES
('test22', 207),
('test22', 881);

-- --------------------------------------------------------

--
-- 테이블 구조 `categorylist`
--

CREATE TABLE `categorylist` (
  `orderNumber` int(11) NOT NULL,
  `cName` varchar(45) NOT NULL
) ENGINE=InnoDB DEFAULT CHARSET=utf8;

--
-- 테이블의 덤프 데이터 `categorylist`
--

INSERT INTO `categorylist` (`orderNumber`, `cName`) VALUES
(0, '1'),
(1, '2'),
(2, '3'),
(3, '4'),
(4, '5'),
(5, '6'),
(6, '7'),
(7, '8'),
(8, '9'),
(9, '10'),
(10, '0');

-- --------------------------------------------------------

--
-- 테이블 구조 `item`
--

CREATE TABLE `item` (
  `itemID` int(45) NOT NULL,
  `itemName` varchar(45) NOT NULL,
  `price` int(45) NOT NULL,
  `category` varchar(45) NOT NULL,
  `description` varchar(45) NOT NULL,
  `description2` varchar(45) NOT NULL,
  `description3` varchar(45) NOT NULL,
  `company` varchar(45) NOT NULL,
  `date` date NOT NULL,
  `soldout` int(45) NOT NULL DEFAULT '0'
) ENGINE=InnoDB DEFAULT CHARSET=utf8;

--
-- 테이블의 덤프 데이터 `item`
--

INSERT INTO `item` (`itemID`, `itemName`, `price`, `category`, `description`, `description2`, `description3`, `company`, `date`, `soldout`) VALUES
(200, 'testName0', 200, '0', 'testD10', 'testD20', 'testD30', 'testC0', '2018-06-04', 0),
(201, 'testName1', 201, '1', 'testD11', 'testD21', 'testD31', 'testC1', '2018-06-04', 0),
(202, 'testName2', 202, '2', 'testD12', 'testD22', 'testD32', 'testC2', '2018-06-04', 0),
(203, 'testName3', 203, '3', 'testD13', 'testD23', 'testD33', 'testC3', '2018-06-04', 0),
(204, 'testName4', 204, '4', 'testD14', 'testD24', 'testD34', 'testC4', '2018-06-04', 0),
(205, 'testName5', 205, '5', 'testD15', 'testD25', 'testD35', 'testC5', '2018-06-04', 0),
(206, 'testName6', 206, '6', 'testD16', 'testD26', 'testD36', 'testC6', '2018-06-04', 0),
(207, 'testName7', 207, '7', 'testD17', 'testD27', 'testD37', 'testC7', '2018-06-04', 0),
(208, 'testName8', 208, '8', 'testD18', 'testD28', 'testD38', 'testC8', '2018-06-04', 0),
(209, 'testName9', 209, '9', 'testD19', 'testD29', 'testD39', 'testC9', '2018-06-04', 0),
(210, 'testName10', 210, '0', 'testD110', 'testD210', 'testD310', 'testC10', '2018-06-04', 0),
(211, 'testName11', 211, '1', 'testD111', 'testD211', 'testD311', 'testC11', '2018-06-04', 0),
(212, 'testName12', 212, '2', 'testD112', 'testD212', 'testD312', 'testC12', '2018-06-04', 0),
(213, 'testName13', 213, '3', 'testD113', 'testD213', 'testD313', 'testC13', '2018-06-04', 0),
(214, 'testName14', 214, '4', 'testD114', 'testD214', 'testD314', 'testC14', '2018-06-04', 0),
(215, 'testName15', 215, '5', 'testD115', 'testD215', 'testD315', 'testC15', '2018-06-04', 0),
(216, 'testName16', 216, '6', 'testD116', 'testD216', 'testD316', 'testC16', '2018-06-04', 0),
(217, 'testName17', 217, '7', 'testD117', 'testD217', 'testD317', 'testC17', '2018-06-04', 0),
(218, 'testName18', 218, '8', 'testD118', 'testD218', 'testD318', 'testC18', '2018-06-04', 0),
(219, 'testName19', 219, '9', 'testD119', 'testD219', 'testD319', 'testC19', '2018-06-04', 0),
(220, 'testName20', 220, '0', 'testD120', 'testD220', 'testD320', 'testC20', '2018-06-04', 0),
(221, 'testName21', 221, '1', 'testD121', 'testD221', 'testD321', 'testC21', '2018-06-04', 0),
(222, 'testName22', 222, '2', 'testD122', 'testD222', 'testD322', 'testC22', '2018-06-04', 0),
(223, 'testName23', 223, '3', 'testD123', 'testD223', 'testD323', 'testC23', '2018-06-04', 0),
(224, 'testName24', 224, '4', 'testD124', 'testD224', 'testD324', 'testC24', '2018-06-04', 0),
(225, 'testName25', 225, '5', 'testD125', 'testD225', 'testD325', 'testC25', '2018-06-04', 0),
(226, 'testName26', 226, '6', 'testD126', 'testD226', 'testD326', 'testC26', '2018-06-04', 0),
(227, 'testName27', 227, '7', 'testD127', 'testD227', 'testD327', 'testC27', '2018-06-04', 0),
(228, 'testName28', 228, '8', 'testD128', 'testD228', 'testD328', 'testC28', '2018-06-04', 0),
(229, 'testName29', 229, '9', 'testD129', 'testD229', 'testD329', 'testC29', '2018-06-04', 0),
(230, 'testName30', 230, '0', 'testD130', 'testD230', 'testD330', 'testC30', '2018-06-04', 0),
(231, 'testName31', 231, '1', 'testD131', 'testD231', 'testD331', 'testC31', '2018-06-04', 0),
(232, 'testName32', 232, '2', 'testD132', 'testD232', 'testD332', 'testC32', '2018-06-04', 0),
(233, 'testName33', 233, '3', 'testD133', 'testD233', 'testD333', 'testC33', '2018-06-04', 0),
(234, 'testName34', 234, '4', 'testD134', 'testD234', 'testD334', 'testC34', '2018-06-04', 0),
(235, 'testName35', 235, '5', 'testD135', 'testD235', 'testD335', 'testC35', '2018-06-04', 0),
(236, 'testName36', 236, '6', 'testD136', 'testD236', 'testD336', 'testC36', '2018-06-04', 0),
(237, 'testName37', 237, '7', 'testD137', 'testD237', 'testD337', 'testC37', '2018-06-04', 0),
(238, 'testName38', 238, '8', 'testD138', 'testD238', 'testD338', 'testC38', '2018-06-04', 0),
(239, 'testName39', 239, '9', 'testD139', 'testD239', 'testD339', 'testC39', '2018-06-04', 0),
(240, 'testName40', 240, '0', 'testD140', 'testD240', 'testD340', 'testC40', '2018-06-04', 0),
(241, 'testName41', 241, '1', 'testD141', 'testD241', 'testD341', 'testC41', '2018-06-04', 0),
(242, 'testName42', 242, '2', 'testD142', 'testD242', 'testD342', 'testC42', '2018-06-04', 0),
(243, 'testName43', 243, '3', 'testD143', 'testD243', 'testD343', 'testC43', '2018-06-04', 0),
(244, 'testName44', 244, '4', 'testD144', 'testD244', 'testD344', 'testC44', '2018-06-04', 0),
(245, 'testName45', 245, '5', 'testD145', 'testD245', 'testD345', 'testC45', '2018-06-04', 0),
(246, 'testName46', 246, '6', 'testD146', 'testD246', 'testD346', 'testC46', '2018-06-04', 0),
(247, 'testName47', 247, '7', 'testD147', 'testD247', 'testD347', 'testC47', '2018-06-04', 0),
(248, 'testName48', 248, '8', 'testD148', 'testD248', 'testD348', 'testC48', '2018-06-04', 0),
(249, 'testName49', 249, '9', 'testD149', 'testD249', 'testD349', 'testC49', '2018-06-04', 0),
(250, 'testName50', 250, '0', 'testD150', 'testD250', 'testD350', 'testC50', '2018-06-04', 0),
(251, 'testName51', 251, '1', 'testD151', 'testD251', 'testD351', 'testC51', '2018-06-04', 0),
(252, 'testName52', 252, '2', 'testD152', 'testD252', 'testD352', 'testC52', '2018-06-04', 0),
(253, 'testName53', 253, '3', 'testD153', 'testD253', 'testD353', 'testC53', '2018-06-04', 0),
(254, 'testName54', 254, '4', 'testD154', 'testD254', 'testD354', 'testC54', '2018-06-04', 0),
(255, 'testName55', 255, '5', 'testD155', 'testD255', 'testD355', 'testC55', '2018-06-04', 0),
(256, 'testName56', 256, '6', 'testD156', 'testD256', 'testD356', 'testC56', '2018-06-04', 0),
(257, 'testName57', 257, '7', 'testD157', 'testD257', 'testD357', 'testC57', '2018-06-04', 0),
(258, 'testName58', 258, '8', 'testD158', 'testD258', 'testD358', 'testC58', '2018-06-04', 0),
(259, 'testName59', 259, '9', 'testD159', 'testD259', 'testD359', 'testC59', '2018-06-04', 0),
(260, 'testName60', 260, '0', 'testD160', 'testD260', 'testD360', 'testC60', '2018-06-04', 0),
(261, 'testName61', 261, '1', 'testD161', 'testD261', 'testD361', 'testC61', '2018-06-04', 0),
(262, 'testName62', 262, '2', 'testD162', 'testD262', 'testD362', 'testC62', '2018-06-04', 0),
(263, 'testName63', 263, '3', 'testD163', 'testD263', 'testD363', 'testC63', '2018-06-04', 0),
(264, 'testName64', 264, '4', 'testD164', 'testD264', 'testD364', 'testC64', '2018-06-04', 0),
(265, 'testName65', 265, '5', 'testD165', 'testD265', 'testD365', 'testC65', '2018-06-04', 0),
(266, 'testName66', 266, '6', 'testD166', 'testD266', 'testD366', 'testC66', '2018-06-04', 0),
(267, 'testName67', 267, '7', 'testD167', 'testD267', 'testD367', 'testC67', '2018-06-04', 0),
(268, 'testName68', 268, '8', 'testD168', 'testD268', 'testD368', 'testC68', '2018-06-04', 0),
(269, 'testName69', 269, '9', 'testD169', 'testD269', 'testD369', 'testC69', '2018-06-04', 0),
(270, 'testName70', 270, '0', 'testD170', 'testD270', 'testD370', 'testC70', '2018-06-04', 0),
(271, 'testName71', 271, '1', 'testD171', 'testD271', 'testD371', 'testC71', '2018-06-04', 0),
(272, 'testName72', 272, '2', 'testD172', 'testD272', 'testD372', 'testC72', '2018-06-04', 0),
(273, 'testName73', 273, '3', 'testD173', 'testD273', 'testD373', 'testC73', '2018-06-04', 0),
(274, 'testName74', 274, '4', 'testD174', 'testD274', 'testD374', 'testC74', '2018-06-04', 0),
(275, 'testName75', 275, '5', 'testD175', 'testD275', 'testD375', 'testC75', '2018-06-04', 0),
(276, 'testName76', 276, '6', 'testD176', 'testD276', 'testD376', 'testC76', '2018-06-04', 0),
(277, 'testName77', 277, '7', 'testD177', 'testD277', 'testD377', 'testC77', '2018-06-04', 0),
(278, 'testName78', 278, '8', 'testD178', 'testD278', 'testD378', 'testC78', '2018-06-04', 0),
(279, 'testName79', 279, '9', 'testD179', 'testD279', 'testD379', 'testC79', '2018-06-04', 0),
(280, 'testName80', 280, '0', 'testD180', 'testD280', 'testD380', 'testC80', '2018-06-04', 0),
(281, 'testName81', 281, '1', 'testD181', 'testD281', 'testD381', 'testC81', '2018-06-04', 0),
(282, 'testName82', 282, '2', 'testD182', 'testD282', 'testD382', 'testC82', '2018-06-04', 0),
(283, 'testName83', 283, '3', 'testD183', 'testD283', 'testD383', 'testC83', '2018-06-04', 0),
(284, 'testName84', 284, '4', 'testD184', 'testD284', 'testD384', 'testC84', '2018-06-04', 0),
(285, 'testName85', 285, '5', 'testD185', 'testD285', 'testD385', 'testC85', '2018-06-04', 0),
(286, 'testName86', 286, '6', 'testD186', 'testD286', 'testD386', 'testC86', '2018-06-04', 0),
(287, 'testName87', 287, '7', 'testD187', 'testD287', 'testD387', 'testC87', '2018-06-04', 0),
(288, 'testName88', 288, '8', 'testD188', 'testD288', 'testD388', 'testC88', '2018-06-04', 0),
(289, 'testName89', 289, '9', 'testD189', 'testD289', 'testD389', 'testC89', '2018-06-04', 0),
(290, 'testName90', 290, '0', 'testD190', 'testD290', 'testD390', 'testC90', '2018-06-04', 0),
(291, 'testName91', 291, '1', 'testD191', 'testD291', 'testD391', 'testC91', '2018-06-04', 0),
(292, 'testName92', 292, '2', 'testD192', 'testD292', 'testD392', 'testC92', '2018-06-04', 0),
(293, 'testName93', 293, '3', 'testD193', 'testD293', 'testD393', 'testC93', '2018-06-04', 0),
(294, 'testName94', 294, '4', 'testD194', 'testD294', 'testD394', 'testC94', '2018-06-04', 0),
(295, 'testName95', 295, '5', 'testD195', 'testD295', 'testD395', 'testC95', '2018-06-04', 0),
(296, 'testName96', 296, '6', 'testD196', 'testD296', 'testD396', 'testC96', '2018-06-04', 0),
(297, 'testName97', 297, '7', 'testD197', 'testD297', 'testD397', 'testC97', '2018-06-04', 0),
(298, 'testName98', 298, '8', 'testD198', 'testD298', 'testD398', 'testC98', '2018-06-04', 0),
(299, 'testName99', 299, '9', 'testD199', 'testD299', 'testD399', 'testC99', '2018-06-04', 0),
(300, 'testName100', 300, '0', 'testD1100', 'testD2100', 'testD3100', 'testC100', '2018-06-04', 0),
(301, 'testName101', 301, '1', 'testD1101', 'testD2101', 'testD3101', 'testC101', '2018-06-04', 0),
(302, 'testName102', 302, '2', 'testD1102', 'testD2102', 'testD3102', 'testC102', '2018-06-04', 0),
(303, 'testName103', 303, '3', 'testD1103', 'testD2103', 'testD3103', 'testC103', '2018-06-04', 0),
(304, 'testName104', 304, '4', 'testD1104', 'testD2104', 'testD3104', 'testC104', '2018-06-04', 0),
(305, 'testName105', 305, '5', 'testD1105', 'testD2105', 'testD3105', 'testC105', '2018-06-04', 0),
(306, 'testName106', 306, '6', 'testD1106', 'testD2106', 'testD3106', 'testC106', '2018-06-04', 0),
(307, 'testName107', 307, '7', 'testD1107', 'testD2107', 'testD3107', 'testC107', '2018-06-04', 0),
(308, 'testName108', 308, '8', 'testD1108', 'testD2108', 'testD3108', 'testC108', '2018-06-04', 0),
(309, 'testName109', 309, '9', 'testD1109', 'testD2109', 'testD3109', 'testC109', '2018-06-04', 0),
(310, 'testName110', 310, '0', 'testD1110', 'testD2110', 'testD3110', 'testC110', '2018-06-04', 0),
(311, 'testName111', 311, '1', 'testD1111', 'testD2111', 'testD3111', 'testC111', '2018-06-04', 0),
(312, 'testName112', 312, '2', 'testD1112', 'testD2112', 'testD3112', 'testC112', '2018-06-04', 0),
(313, 'testName113', 313, '3', 'testD1113', 'testD2113', 'testD3113', 'testC113', '2018-06-04', 0),
(314, 'testName114', 314, '4', 'testD1114', 'testD2114', 'testD3114', 'testC114', '2018-06-04', 0),
(315, 'testName115', 315, '5', 'testD1115', 'testD2115', 'testD3115', 'testC115', '2018-06-04', 0),
(316, 'testName116', 316, '6', 'testD1116', 'testD2116', 'testD3116', 'testC116', '2018-06-04', 0),
(317, 'testName117', 317, '7', 'testD1117', 'testD2117', 'testD3117', 'testC117', '2018-06-04', 0),
(318, 'testName118', 318, '8', 'testD1118', 'testD2118', 'testD3118', 'testC118', '2018-06-04', 0),
(319, 'testName119', 319, '9', 'testD1119', 'testD2119', 'testD3119', 'testC119', '2018-06-04', 0),
(320, 'testName120', 320, '0', 'testD1120', 'testD2120', 'testD3120', 'testC120', '2018-06-04', 0),
(321, 'testName121', 321, '1', 'testD1121', 'testD2121', 'testD3121', 'testC121', '2018-06-04', 0),
(322, 'testName122', 322, '2', 'testD1122', 'testD2122', 'testD3122', 'testC122', '2018-06-04', 0),
(323, 'testName123', 323, '3', 'testD1123', 'testD2123', 'testD3123', 'testC123', '2018-06-04', 0),
(324, 'testName124', 324, '4', 'testD1124', 'testD2124', 'testD3124', 'testC124', '2018-06-04', 0),
(325, 'testName125', 325, '5', 'testD1125', 'testD2125', 'testD3125', 'testC125', '2018-06-04', 0),
(326, 'testName126', 326, '6', 'testD1126', 'testD2126', 'testD3126', 'testC126', '2018-06-04', 0),
(327, 'testName127', 327, '7', 'testD1127', 'testD2127', 'testD3127', 'testC127', '2018-06-04', 0),
(328, 'testName128', 328, '8', 'testD1128', 'testD2128', 'testD3128', 'testC128', '2018-06-04', 0),
(329, 'testName129', 329, '9', 'testD1129', 'testD2129', 'testD3129', 'testC129', '2018-06-04', 0),
(330, 'testName130', 330, '0', 'testD1130', 'testD2130', 'testD3130', 'testC130', '2018-06-04', 0),
(331, 'testName131', 331, '1', 'testD1131', 'testD2131', 'testD3131', 'testC131', '2018-06-04', 0),
(332, 'testName132', 332, '2', 'testD1132', 'testD2132', 'testD3132', 'testC132', '2018-06-04', 0),
(333, 'testName133', 333, '3', 'testD1133', 'testD2133', 'testD3133', 'testC133', '2018-06-04', 0),
(334, 'testName134', 334, '4', 'testD1134', 'testD2134', 'testD3134', 'testC134', '2018-06-04', 0),
(335, 'testName135', 335, '5', 'testD1135', 'testD2135', 'testD3135', 'testC135', '2018-06-04', 0),
(336, 'testName136', 336, '6', 'testD1136', 'testD2136', 'testD3136', 'testC136', '2018-06-04', 0),
(337, 'testName137', 337, '7', 'testD1137', 'testD2137', 'testD3137', 'testC137', '2018-06-04', 0),
(338, 'testName138', 338, '8', 'testD1138', 'testD2138', 'testD3138', 'testC138', '2018-06-04', 0),
(339, 'testName139', 339, '9', 'testD1139', 'testD2139', 'testD3139', 'testC139', '2018-06-04', 0),
(340, 'testName140', 340, '0', 'testD1140', 'testD2140', 'testD3140', 'testC140', '2018-06-04', 0),
(341, 'testName141', 341, '1', 'testD1141', 'testD2141', 'testD3141', 'testC141', '2018-06-04', 0),
(342, 'testName142', 342, '2', 'testD1142', 'testD2142', 'testD3142', 'testC142', '2018-06-04', 0),
(343, 'testName143', 343, '3', 'testD1143', 'testD2143', 'testD3143', 'testC143', '2018-06-04', 0),
(344, 'testName144', 344, '4', 'testD1144', 'testD2144', 'testD3144', 'testC144', '2018-06-04', 0),
(345, 'testName145', 345, '5', 'testD1145', 'testD2145', 'testD3145', 'testC145', '2018-06-04', 0),
(346, 'testName146', 346, '6', 'testD1146', 'testD2146', 'testD3146', 'testC146', '2018-06-04', 0),
(347, 'testName147', 347, '7', 'testD1147', 'testD2147', 'testD3147', 'testC147', '2018-06-04', 0),
(348, 'testName148', 348, '8', 'testD1148', 'testD2148', 'testD3148', 'testC148', '2018-06-04', 0),
(349, 'testName149', 349, '9', 'testD1149', 'testD2149', 'testD3149', 'testC149', '2018-06-04', 0),
(350, 'testName150', 350, '0', 'testD1150', 'testD2150', 'testD3150', 'testC150', '2018-06-04', 0),
(351, 'testName151', 351, '1', 'testD1151', 'testD2151', 'testD3151', 'testC151', '2018-06-04', 0),
(352, 'testName152', 352, '2', 'testD1152', 'testD2152', 'testD3152', 'testC152', '2018-06-04', 0),
(353, 'testName153', 353, '3', 'testD1153', 'testD2153', 'testD3153', 'testC153', '2018-06-04', 0),
(354, 'testName154', 354, '4', 'testD1154', 'testD2154', 'testD3154', 'testC154', '2018-06-04', 0),
(355, 'testName155', 355, '5', 'testD1155', 'testD2155', 'testD3155', 'testC155', '2018-06-04', 0),
(356, 'testName156', 356, '6', 'testD1156', 'testD2156', 'testD3156', 'testC156', '2018-06-04', 0),
(357, 'testName157', 357, '7', 'testD1157', 'testD2157', 'testD3157', 'testC157', '2018-06-04', 0),
(358, 'testName158', 358, '8', 'testD1158', 'testD2158', 'testD3158', 'testC158', '2018-06-04', 0),
(359, 'testName159', 359, '9', 'testD1159', 'testD2159', 'testD3159', 'testC159', '2018-06-04', 0),
(360, 'testName160', 360, '0', 'testD1160', 'testD2160', 'testD3160', 'testC160', '2018-06-04', 0),
(361, 'testName161', 361, '1', 'testD1161', 'testD2161', 'testD3161', 'testC161', '2018-06-04', 0),
(362, 'testName162', 362, '2', 'testD1162', 'testD2162', 'testD3162', 'testC162', '2018-06-04', 0),
(363, 'testName163', 363, '3', 'testD1163', 'testD2163', 'testD3163', 'testC163', '2018-06-04', 0),
(364, 'testName164', 364, '4', 'testD1164', 'testD2164', 'testD3164', 'testC164', '2018-06-04', 0),
(365, 'testName165', 365, '5', 'testD1165', 'testD2165', 'testD3165', 'testC165', '2018-06-04', 0),
(366, 'testName166', 366, '6', 'testD1166', 'testD2166', 'testD3166', 'testC166', '2018-06-04', 0),
(367, 'testName167', 367, '7', 'testD1167', 'testD2167', 'testD3167', 'testC167', '2018-06-04', 0),
(368, 'testName168', 368, '8', 'testD1168', 'testD2168', 'testD3168', 'testC168', '2018-06-04', 0),
(369, 'testName169', 369, '9', 'testD1169', 'testD2169', 'testD3169', 'testC169', '2018-06-04', 0),
(370, 'testName170', 370, '0', 'testD1170', 'testD2170', 'testD3170', 'testC170', '2018-06-04', 0),
(371, 'testName171', 371, '1', 'testD1171', 'testD2171', 'testD3171', 'testC171', '2018-06-04', 0),
(372, 'testName172', 372, '2', 'testD1172', 'testD2172', 'testD3172', 'testC172', '2018-06-04', 0),
(373, 'testName173', 373, '3', 'testD1173', 'testD2173', 'testD3173', 'testC173', '2018-06-04', 0),
(374, 'testName174', 374, '4', 'testD1174', 'testD2174', 'testD3174', 'testC174', '2018-06-04', 0),
(375, 'testName175', 375, '5', 'testD1175', 'testD2175', 'testD3175', 'testC175', '2018-06-04', 0),
(376, 'testName176', 376, '6', 'testD1176', 'testD2176', 'testD3176', 'testC176', '2018-06-04', 0),
(377, 'testName177', 377, '7', 'testD1177', 'testD2177', 'testD3177', 'testC177', '2018-06-04', 0),
(378, 'testName178', 378, '8', 'testD1178', 'testD2178', 'testD3178', 'testC178', '2018-06-04', 0),
(379, 'testName179', 379, '9', 'testD1179', 'testD2179', 'testD3179', 'testC179', '2018-06-04', 0),
(380, 'testName180', 380, '0', 'testD1180', 'testD2180', 'testD3180', 'testC180', '2018-06-04', 0),
(381, 'testName181', 381, '1', 'testD1181', 'testD2181', 'testD3181', 'testC181', '2018-06-04', 0),
(382, 'testName182', 382, '2', 'testD1182', 'testD2182', 'testD3182', 'testC182', '2018-06-04', 0),
(383, 'testName183', 383, '3', 'testD1183', 'testD2183', 'testD3183', 'testC183', '2018-06-04', 0),
(384, 'testName184', 384, '4', 'testD1184', 'testD2184', 'testD3184', 'testC184', '2018-06-04', 0),
(385, 'testName185', 385, '5', 'testD1185', 'testD2185', 'testD3185', 'testC185', '2018-06-04', 0),
(386, 'testName186', 386, '6', 'testD1186', 'testD2186', 'testD3186', 'testC186', '2018-06-04', 0),
(387, 'testName187', 387, '7', 'testD1187', 'testD2187', 'testD3187', 'testC187', '2018-06-04', 0),
(388, 'testName188', 388, '8', 'testD1188', 'testD2188', 'testD3188', 'testC188', '2018-06-04', 0),
(389, 'testName189', 389, '9', 'testD1189', 'testD2189', 'testD3189', 'testC189', '2018-06-04', 0),
(390, 'testName190', 390, '0', 'testD1190', 'testD2190', 'testD3190', 'testC190', '2018-06-04', 0),
(391, 'testName191', 391, '1', 'testD1191', 'testD2191', 'testD3191', 'testC191', '2018-06-04', 0),
(392, 'testName192', 392, '2', 'testD1192', 'testD2192', 'testD3192', 'testC192', '2018-06-04', 0),
(393, 'testName193', 393, '3', 'testD1193', 'testD2193', 'testD3193', 'testC193', '2018-06-04', 0),
(394, 'testName194', 394, '4', 'testD1194', 'testD2194', 'testD3194', 'testC194', '2018-06-04', 0),
(395, 'testName195', 395, '5', 'testD1195', 'testD2195', 'testD3195', 'testC195', '2018-06-04', 0),
(396, 'testName196', 396, '6', 'testD1196', 'testD2196', 'testD3196', 'testC196', '2018-06-04', 0),
(397, 'testName197', 397, '7', 'testD1197', 'testD2197', 'testD3197', 'testC197', '2018-06-04', 0),
(398, 'testName198', 398, '8', 'testD1198', 'testD2198', 'testD3198', 'testC198', '2018-06-04', 0),
(399, 'testName199', 399, '9', 'testD1199', 'testD2199', 'testD3199', 'testC199', '2018-06-04', 0),
(400, 'testName200', 400, '0', 'testD1200', 'testD2200', 'testD3200', 'testC200', '2018-06-04', 0),
(401, 'testName201', 401, '1', 'testD1201', 'testD2201', 'testD3201', 'testC201', '2018-06-04', 0),
(402, 'testName202', 402, '2', 'testD1202', 'testD2202', 'testD3202', 'testC202', '2018-06-04', 0),
(403, 'testName203', 403, '3', 'testD1203', 'testD2203', 'testD3203', 'testC203', '2018-06-04', 0),
(404, 'testName204', 404, '4', 'testD1204', 'testD2204', 'testD3204', 'testC204', '2018-06-04', 0),
(405, 'testName205', 405, '5', 'testD1205', 'testD2205', 'testD3205', 'testC205', '2018-06-04', 0),
(406, 'testName206', 406, '6', 'testD1206', 'testD2206', 'testD3206', 'testC206', '2018-06-04', 0),
(407, 'testName207', 407, '7', 'testD1207', 'testD2207', 'testD3207', 'testC207', '2018-06-04', 0),
(408, 'testName208', 408, '8', 'testD1208', 'testD2208', 'testD3208', 'testC208', '2018-06-04', 0),
(409, 'testName209', 409, '9', 'testD1209', 'testD2209', 'testD3209', 'testC209', '2018-06-04', 0),
(410, 'testName210', 410, '0', 'testD1210', 'testD2210', 'testD3210', 'testC210', '2018-06-04', 0),
(411, 'testName211', 411, '1', 'testD1211', 'testD2211', 'testD3211', 'testC211', '2018-06-04', 0),
(412, 'testName212', 412, '2', 'testD1212', 'testD2212', 'testD3212', 'testC212', '2018-06-04', 0),
(413, 'testName213', 413, '3', 'testD1213', 'testD2213', 'testD3213', 'testC213', '2018-06-04', 0),
(414, 'testName214', 414, '4', 'testD1214', 'testD2214', 'testD3214', 'testC214', '2018-06-04', 0),
(415, 'testName215', 415, '5', 'testD1215', 'testD2215', 'testD3215', 'testC215', '2018-06-04', 0),
(416, 'testName216', 416, '6', 'testD1216', 'testD2216', 'testD3216', 'testC216', '2018-06-04', 0),
(417, 'testName217', 417, '7', 'testD1217', 'testD2217', 'testD3217', 'testC217', '2018-06-04', 0),
(418, 'testName218', 418, '8', 'testD1218', 'testD2218', 'testD3218', 'testC218', '2018-06-04', 0),
(419, 'testName219', 419, '9', 'testD1219', 'testD2219', 'testD3219', 'testC219', '2018-06-04', 0),
(420, 'testName220', 420, '0', 'testD1220', 'testD2220', 'testD3220', 'testC220', '2018-06-04', 0),
(421, 'testName221', 421, '1', 'testD1221', 'testD2221', 'testD3221', 'testC221', '2018-06-04', 0),
(422, 'testName222', 422, '2', 'testD1222', 'testD2222', 'testD3222', 'testC222', '2018-06-04', 0),
(423, 'testName223', 423, '3', 'testD1223', 'testD2223', 'testD3223', 'testC223', '2018-06-04', 0),
(424, 'testName224', 424, '4', 'testD1224', 'testD2224', 'testD3224', 'testC224', '2018-06-04', 0),
(425, 'testName225', 425, '5', 'testD1225', 'testD2225', 'testD3225', 'testC225', '2018-06-04', 0),
(426, 'testName226', 426, '6', 'testD1226', 'testD2226', 'testD3226', 'testC226', '2018-06-04', 0),
(427, 'testName227', 427, '7', 'testD1227', 'testD2227', 'testD3227', 'testC227', '2018-06-04', 0),
(428, 'testName228', 428, '8', 'testD1228', 'testD2228', 'testD3228', 'testC228', '2018-06-04', 0),
(429, 'testName229', 429, '9', 'testD1229', 'testD2229', 'testD3229', 'testC229', '2018-06-04', 0),
(430, 'testName230', 430, '0', 'testD1230', 'testD2230', 'testD3230', 'testC230', '2018-06-04', 0),
(431, 'testName231', 431, '1', 'testD1231', 'testD2231', 'testD3231', 'testC231', '2018-06-04', 0),
(432, 'testName232', 432, '2', 'testD1232', 'testD2232', 'testD3232', 'testC232', '2018-06-04', 0),
(433, 'testName233', 433, '3', 'testD1233', 'testD2233', 'testD3233', 'testC233', '2018-06-04', 0),
(434, 'testName234', 434, '4', 'testD1234', 'testD2234', 'testD3234', 'testC234', '2018-06-04', 0),
(435, 'testName235', 435, '5', 'testD1235', 'testD2235', 'testD3235', 'testC235', '2018-06-04', 0),
(436, 'testName236', 436, '6', 'testD1236', 'testD2236', 'testD3236', 'testC236', '2018-06-04', 0),
(437, 'testName237', 437, '7', 'testD1237', 'testD2237', 'testD3237', 'testC237', '2018-06-04', 0),
(438, 'testName238', 438, '8', 'testD1238', 'testD2238', 'testD3238', 'testC238', '2018-06-04', 0),
(439, 'testName239', 439, '9', 'testD1239', 'testD2239', 'testD3239', 'testC239', '2018-06-04', 0),
(440, 'testName240', 440, '0', 'testD1240', 'testD2240', 'testD3240', 'testC240', '2018-06-04', 0),
(441, 'testName241', 441, '1', 'testD1241', 'testD2241', 'testD3241', 'testC241', '2018-06-04', 0),
(442, 'testName242', 442, '2', 'testD1242', 'testD2242', 'testD3242', 'testC242', '2018-06-04', 0),
(443, 'testName243', 443, '3', 'testD1243', 'testD2243', 'testD3243', 'testC243', '2018-06-04', 0),
(444, 'testName244', 444, '4', 'testD1244', 'testD2244', 'testD3244', 'testC244', '2018-06-04', 0),
(445, 'testName245', 445, '5', 'testD1245', 'testD2245', 'testD3245', 'testC245', '2018-06-04', 0),
(446, 'testName246', 446, '6', 'testD1246', 'testD2246', 'testD3246', 'testC246', '2018-06-04', 0),
(447, 'testName247', 447, '7', 'testD1247', 'testD2247', 'testD3247', 'testC247', '2018-06-04', 0),
(448, 'testName248', 448, '8', 'testD1248', 'testD2248', 'testD3248', 'testC248', '2018-06-04', 0),
(449, 'testName249', 449, '9', 'testD1249', 'testD2249', 'testD3249', 'testC249', '2018-06-04', 0),
(450, 'testName250', 450, '0', 'testD1250', 'testD2250', 'testD3250', 'testC250', '2018-06-04', 0),
(451, 'testName251', 451, '1', 'testD1251', 'testD2251', 'testD3251', 'testC251', '2018-06-04', 0),
(452, 'testName252', 452, '2', 'testD1252', 'testD2252', 'testD3252', 'testC252', '2018-06-04', 0),
(453, 'testName253', 453, '3', 'testD1253', 'testD2253', 'testD3253', 'testC253', '2018-06-04', 0),
(454, 'testName254', 454, '4', 'testD1254', 'testD2254', 'testD3254', 'testC254', '2018-06-04', 0),
(455, 'testName255', 455, '5', 'testD1255', 'testD2255', 'testD3255', 'testC255', '2018-06-04', 0),
(456, 'testName256', 456, '6', 'testD1256', 'testD2256', 'testD3256', 'testC256', '2018-06-04', 0),
(457, 'testName257', 457, '7', 'testD1257', 'testD2257', 'testD3257', 'testC257', '2018-06-04', 0),
(458, 'testName258', 458, '8', 'testD1258', 'testD2258', 'testD3258', 'testC258', '2018-06-04', 0),
(459, 'testName259', 459, '9', 'testD1259', 'testD2259', 'testD3259', 'testC259', '2018-06-04', 0),
(460, 'testName260', 460, '0', 'testD1260', 'testD2260', 'testD3260', 'testC260', '2018-06-04', 0),
(461, 'testName261', 461, '1', 'testD1261', 'testD2261', 'testD3261', 'testC261', '2018-06-04', 0),
(462, 'testName262', 462, '2', 'testD1262', 'testD2262', 'testD3262', 'testC262', '2018-06-04', 0),
(463, 'testName263', 463, '3', 'testD1263', 'testD2263', 'testD3263', 'testC263', '2018-06-04', 0),
(464, 'testName264', 464, '4', 'testD1264', 'testD2264', 'testD3264', 'testC264', '2018-06-04', 0),
(465, 'testName265', 465, '5', 'testD1265', 'testD2265', 'testD3265', 'testC265', '2018-06-04', 0),
(466, 'testName266', 466, '6', 'testD1266', 'testD2266', 'testD3266', 'testC266', '2018-06-04', 0),
(467, 'testName267', 467, '7', 'testD1267', 'testD2267', 'testD3267', 'testC267', '2018-06-04', 0),
(468, 'testName268', 468, '8', 'testD1268', 'testD2268', 'testD3268', 'testC268', '2018-06-04', 0),
(469, 'testName269', 469, '9', 'testD1269', 'testD2269', 'testD3269', 'testC269', '2018-06-04', 0),
(470, 'testName270', 470, '0', 'testD1270', 'testD2270', 'testD3270', 'testC270', '2018-06-04', 0),
(471, 'testName271', 471, '1', 'testD1271', 'testD2271', 'testD3271', 'testC271', '2018-06-04', 0),
(472, 'testName272', 472, '2', 'testD1272', 'testD2272', 'testD3272', 'testC272', '2018-06-04', 0),
(473, 'testName273', 473, '3', 'testD1273', 'testD2273', 'testD3273', 'testC273', '2018-06-04', 0),
(474, 'testName274', 474, '4', 'testD1274', 'testD2274', 'testD3274', 'testC274', '2018-06-04', 0),
(475, 'testName275', 475, '5', 'testD1275', 'testD2275', 'testD3275', 'testC275', '2018-06-04', 0),
(476, 'testName276', 476, '6', 'testD1276', 'testD2276', 'testD3276', 'testC276', '2018-06-04', 0),
(477, 'testName277', 477, '7', 'testD1277', 'testD2277', 'testD3277', 'testC277', '2018-06-04', 0),
(478, 'testName278', 478, '8', 'testD1278', 'testD2278', 'testD3278', 'testC278', '2018-06-04', 0),
(479, 'testName279', 479, '9', 'testD1279', 'testD2279', 'testD3279', 'testC279', '2018-06-04', 0),
(480, 'testName280', 480, '0', 'testD1280', 'testD2280', 'testD3280', 'testC280', '2018-06-04', 0),
(481, 'testName281', 481, '1', 'testD1281', 'testD2281', 'testD3281', 'testC281', '2018-06-04', 0),
(482, 'testName282', 482, '2', 'testD1282', 'testD2282', 'testD3282', 'testC282', '2018-06-04', 0),
(483, 'testName283', 483, '3', 'testD1283', 'testD2283', 'testD3283', 'testC283', '2018-06-04', 0),
(484, 'testName284', 484, '4', 'testD1284', 'testD2284', 'testD3284', 'testC284', '2018-06-04', 0),
(485, 'testName285', 485, '5', 'testD1285', 'testD2285', 'testD3285', 'testC285', '2018-06-04', 0),
(486, 'testName286', 486, '6', 'testD1286', 'testD2286', 'testD3286', 'testC286', '2018-06-04', 0),
(487, 'testName287', 487, '7', 'testD1287', 'testD2287', 'testD3287', 'testC287', '2018-06-04', 0),
(488, 'testName288', 488, '8', 'testD1288', 'testD2288', 'testD3288', 'testC288', '2018-06-04', 0),
(489, 'testName289', 489, '9', 'testD1289', 'testD2289', 'testD3289', 'testC289', '2018-06-04', 0),
(490, 'testName290', 490, '0', 'testD1290', 'testD2290', 'testD3290', 'testC290', '2018-06-04', 0),
(491, 'testName291', 491, '1', 'testD1291', 'testD2291', 'testD3291', 'testC291', '2018-06-04', 0),
(492, 'testName292', 492, '2', 'testD1292', 'testD2292', 'testD3292', 'testC292', '2018-06-04', 0),
(493, 'testName293', 493, '3', 'testD1293', 'testD2293', 'testD3293', 'testC293', '2018-06-04', 0),
(494, 'testName294', 494, '4', 'testD1294', 'testD2294', 'testD3294', 'testC294', '2018-06-04', 0),
(495, 'testName295', 495, '5', 'testD1295', 'testD2295', 'testD3295', 'testC295', '2018-06-04', 0),
(496, 'testName296', 496, '6', 'testD1296', 'testD2296', 'testD3296', 'testC296', '2018-06-04', 0),
(497, 'testName297', 497, '7', 'testD1297', 'testD2297', 'testD3297', 'testC297', '2018-06-04', 0),
(498, 'testName298', 498, '8', 'testD1298', 'testD2298', 'testD3298', 'testC298', '2018-06-04', 0),
(499, 'testName299', 499, '9', 'testD1299', 'testD2299', 'testD3299', 'testC299', '2018-06-04', 0),
(500, 'testName300', 500, '0', 'testD1300', 'testD2300', 'testD3300', 'testC300', '2018-06-04', 0),
(501, 'testName301', 501, '1', 'testD1301', 'testD2301', 'testD3301', 'testC301', '2018-06-04', 0),
(502, 'testName302', 502, '2', 'testD1302', 'testD2302', 'testD3302', 'testC302', '2018-06-04', 0),
(503, 'testName303', 503, '3', 'testD1303', 'testD2303', 'testD3303', 'testC303', '2018-06-04', 0),
(504, 'testName304', 504, '4', 'testD1304', 'testD2304', 'testD3304', 'testC304', '2018-06-04', 0),
(505, 'testName305', 505, '5', 'testD1305', 'testD2305', 'testD3305', 'testC305', '2018-06-04', 0),
(506, 'testName306', 506, '6', 'testD1306', 'testD2306', 'testD3306', 'testC306', '2018-06-04', 0),
(507, 'testName307', 507, '7', 'testD1307', 'testD2307', 'testD3307', 'testC307', '2018-06-04', 0),
(508, 'testName308', 508, '8', 'testD1308', 'testD2308', 'testD3308', 'testC308', '2018-06-04', 0),
(509, 'testName309', 509, '9', 'testD1309', 'testD2309', 'testD3309', 'testC309', '2018-06-04', 0),
(510, 'testName310', 510, '0', 'testD1310', 'testD2310', 'testD3310', 'testC310', '2018-06-04', 0),
(511, 'testName311', 511, '1', 'testD1311', 'testD2311', 'testD3311', 'testC311', '2018-06-04', 0),
(512, 'testName312', 512, '2', 'testD1312', 'testD2312', 'testD3312', 'testC312', '2018-06-04', 0),
(513, 'testName313', 513, '3', 'testD1313', 'testD2313', 'testD3313', 'testC313', '2018-06-04', 0),
(514, 'testName314', 514, '4', 'testD1314', 'testD2314', 'testD3314', 'testC314', '2018-06-04', 0),
(515, 'testName315', 515, '5', 'testD1315', 'testD2315', 'testD3315', 'testC315', '2018-06-04', 0),
(516, 'testName316', 516, '6', 'testD1316', 'testD2316', 'testD3316', 'testC316', '2018-06-04', 0),
(517, 'testName317', 517, '7', 'testD1317', 'testD2317', 'testD3317', 'testC317', '2018-06-04', 0),
(518, 'testName318', 518, '8', 'testD1318', 'testD2318', 'testD3318', 'testC318', '2018-06-04', 0),
(519, 'testName319', 519, '9', 'testD1319', 'testD2319', 'testD3319', 'testC319', '2018-06-04', 0),
(520, 'testName320', 520, '0', 'testD1320', 'testD2320', 'testD3320', 'testC320', '2018-06-04', 0),
(521, 'testName321', 521, '1', 'testD1321', 'testD2321', 'testD3321', 'testC321', '2018-06-04', 0),
(522, 'testName322', 522, '2', 'testD1322', 'testD2322', 'testD3322', 'testC322', '2018-06-04', 0),
(523, 'testName323', 523, '3', 'testD1323', 'testD2323', 'testD3323', 'testC323', '2018-06-04', 0),
(524, 'testName324', 524, '4', 'testD1324', 'testD2324', 'testD3324', 'testC324', '2018-06-04', 0),
(525, 'testName325', 525, '5', 'testD1325', 'testD2325', 'testD3325', 'testC325', '2018-06-04', 0),
(526, 'testName326', 526, '6', 'testD1326', 'testD2326', 'testD3326', 'testC326', '2018-06-04', 0),
(527, 'testName327', 527, '7', 'testD1327', 'testD2327', 'testD3327', 'testC327', '2018-06-04', 0),
(528, 'testName328', 528, '8', 'testD1328', 'testD2328', 'testD3328', 'testC328', '2018-06-04', 0),
(529, 'testName329', 529, '9', 'testD1329', 'testD2329', 'testD3329', 'testC329', '2018-06-04', 0),
(530, 'testName330', 530, '0', 'testD1330', 'testD2330', 'testD3330', 'testC330', '2018-06-04', 0),
(531, 'testName331', 531, '1', 'testD1331', 'testD2331', 'testD3331', 'testC331', '2018-06-04', 0),
(532, 'testName332', 532, '2', 'testD1332', 'testD2332', 'testD3332', 'testC332', '2018-06-04', 0),
(533, 'testName333', 533, '3', 'testD1333', 'testD2333', 'testD3333', 'testC333', '2018-06-04', 0),
(534, 'testName334', 534, '4', 'testD1334', 'testD2334', 'testD3334', 'testC334', '2018-06-04', 0),
(535, 'testName335', 535, '5', 'testD1335', 'testD2335', 'testD3335', 'testC335', '2018-06-04', 0),
(536, 'testName336', 536, '6', 'testD1336', 'testD2336', 'testD3336', 'testC336', '2018-06-04', 0),
(537, 'testName337', 537, '7', 'testD1337', 'testD2337', 'testD3337', 'testC337', '2018-06-04', 0),
(538, 'testName338', 538, '8', 'testD1338', 'testD2338', 'testD3338', 'testC338', '2018-06-04', 0),
(539, 'testName339', 539, '9', 'testD1339', 'testD2339', 'testD3339', 'testC339', '2018-06-04', 0),
(540, 'testName340', 540, '0', 'testD1340', 'testD2340', 'testD3340', 'testC340', '2018-06-04', 0),
(541, 'testName341', 541, '1', 'testD1341', 'testD2341', 'testD3341', 'testC341', '2018-06-04', 0),
(542, 'testName342', 542, '2', 'testD1342', 'testD2342', 'testD3342', 'testC342', '2018-06-04', 0),
(543, 'testName343', 543, '3', 'testD1343', 'testD2343', 'testD3343', 'testC343', '2018-06-04', 0),
(544, 'testName344', 544, '4', 'testD1344', 'testD2344', 'testD3344', 'testC344', '2018-06-04', 0),
(545, 'testName345', 545, '5', 'testD1345', 'testD2345', 'testD3345', 'testC345', '2018-06-04', 0),
(546, 'testName346', 546, '6', 'testD1346', 'testD2346', 'testD3346', 'testC346', '2018-06-04', 0),
(547, 'testName347', 547, '7', 'testD1347', 'testD2347', 'testD3347', 'testC347', '2018-06-04', 0),
(548, 'testName348', 548, '8', 'testD1348', 'testD2348', 'testD3348', 'testC348', '2018-06-04', 0),
(549, 'testName349', 549, '9', 'testD1349', 'testD2349', 'testD3349', 'testC349', '2018-06-04', 0),
(550, 'testName350', 550, '0', 'testD1350', 'testD2350', 'testD3350', 'testC350', '2018-06-04', 0),
(551, 'testName351', 551, '1', 'testD1351', 'testD2351', 'testD3351', 'testC351', '2018-06-04', 0),
(552, 'testName352', 552, '2', 'testD1352', 'testD2352', 'testD3352', 'testC352', '2018-06-04', 0),
(553, 'testName353', 553, '3', 'testD1353', 'testD2353', 'testD3353', 'testC353', '2018-06-04', 0),
(554, 'testName354', 554, '4', 'testD1354', 'testD2354', 'testD3354', 'testC354', '2018-06-04', 0),
(555, 'testName355', 555, '5', 'testD1355', 'testD2355', 'testD3355', 'testC355', '2018-06-04', 0),
(556, 'testName356', 556, '6', 'testD1356', 'testD2356', 'testD3356', 'testC356', '2018-06-04', 0),
(557, 'testName357', 557, '7', 'testD1357', 'testD2357', 'testD3357', 'testC357', '2018-06-04', 0),
(558, 'testName358', 558, '8', 'testD1358', 'testD2358', 'testD3358', 'testC358', '2018-06-04', 0),
(559, 'testName359', 559, '9', 'testD1359', 'testD2359', 'testD3359', 'testC359', '2018-06-04', 0),
(560, 'testName360', 560, '0', 'testD1360', 'testD2360', 'testD3360', 'testC360', '2018-06-04', 0),
(561, 'testName361', 561, '1', 'testD1361', 'testD2361', 'testD3361', 'testC361', '2018-06-04', 0),
(562, 'testName362', 562, '2', 'testD1362', 'testD2362', 'testD3362', 'testC362', '2018-06-04', 0),
(563, 'testName363', 563, '3', 'testD1363', 'testD2363', 'testD3363', 'testC363', '2018-06-04', 0),
(564, 'testName364', 564, '4', 'testD1364', 'testD2364', 'testD3364', 'testC364', '2018-06-04', 0),
(565, 'testName365', 565, '5', 'testD1365', 'testD2365', 'testD3365', 'testC365', '2018-06-04', 0),
(566, 'testName366', 566, '6', 'testD1366', 'testD2366', 'testD3366', 'testC366', '2018-06-04', 0),
(567, 'testName367', 567, '7', 'testD1367', 'testD2367', 'testD3367', 'testC367', '2018-06-04', 0),
(568, 'testName368', 568, '8', 'testD1368', 'testD2368', 'testD3368', 'testC368', '2018-06-04', 0),
(569, 'testName369', 569, '9', 'testD1369', 'testD2369', 'testD3369', 'testC369', '2018-06-04', 0),
(570, 'testName370', 570, '0', 'testD1370', 'testD2370', 'testD3370', 'testC370', '2018-06-04', 0),
(571, 'testName371', 571, '1', 'testD1371', 'testD2371', 'testD3371', 'testC371', '2018-06-04', 0),
(572, 'testName372', 572, '2', 'testD1372', 'testD2372', 'testD3372', 'testC372', '2018-06-04', 0),
(573, 'testName373', 573, '3', 'testD1373', 'testD2373', 'testD3373', 'testC373', '2018-06-04', 0),
(574, 'testName374', 574, '4', 'testD1374', 'testD2374', 'testD3374', 'testC374', '2018-06-04', 0),
(575, 'testName375', 575, '5', 'testD1375', 'testD2375', 'testD3375', 'testC375', '2018-06-04', 0),
(576, 'testName376', 576, '6', 'testD1376', 'testD2376', 'testD3376', 'testC376', '2018-06-04', 0),
(577, 'testName377', 577, '7', 'testD1377', 'testD2377', 'testD3377', 'testC377', '2018-06-04', 0),
(578, 'testName378', 578, '8', 'testD1378', 'testD2378', 'testD3378', 'testC378', '2018-06-04', 0),
(579, 'testName379', 579, '9', 'testD1379', 'testD2379', 'testD3379', 'testC379', '2018-06-04', 0),
(580, 'testName380', 580, '0', 'testD1380', 'testD2380', 'testD3380', 'testC380', '2018-06-04', 0),
(581, 'testName381', 581, '1', 'testD1381', 'testD2381', 'testD3381', 'testC381', '2018-06-04', 0),
(582, 'testName382', 582, '2', 'testD1382', 'testD2382', 'testD3382', 'testC382', '2018-06-04', 0),
(583, 'testName383', 583, '3', 'testD1383', 'testD2383', 'testD3383', 'testC383', '2018-06-04', 0),
(584, 'testName384', 584, '4', 'testD1384', 'testD2384', 'testD3384', 'testC384', '2018-06-04', 0),
(585, 'testName385', 585, '5', 'testD1385', 'testD2385', 'testD3385', 'testC385', '2018-06-04', 0),
(586, 'testName386', 586, '6', 'testD1386', 'testD2386', 'testD3386', 'testC386', '2018-06-04', 0),
(587, 'testName387', 587, '7', 'testD1387', 'testD2387', 'testD3387', 'testC387', '2018-06-04', 0),
(588, 'testName388', 588, '8', 'testD1388', 'testD2388', 'testD3388', 'testC388', '2018-06-04', 0),
(589, 'testName389', 589, '9', 'testD1389', 'testD2389', 'testD3389', 'testC389', '2018-06-04', 0),
(590, 'testName390', 590, '0', 'testD1390', 'testD2390', 'testD3390', 'testC390', '2018-06-04', 0),
(591, 'testName391', 591, '1', 'testD1391', 'testD2391', 'testD3391', 'testC391', '2018-06-04', 0),
(592, 'testName392', 592, '2', 'testD1392', 'testD2392', 'testD3392', 'testC392', '2018-06-04', 0),
(593, 'testName393', 593, '3', 'testD1393', 'testD2393', 'testD3393', 'testC393', '2018-06-04', 0),
(594, 'testName394', 594, '4', 'testD1394', 'testD2394', 'testD3394', 'testC394', '2018-06-04', 0),
(595, 'testName395', 595, '5', 'testD1395', 'testD2395', 'testD3395', 'testC395', '2018-06-04', 0),
(596, 'testName396', 596, '6', 'testD1396', 'testD2396', 'testD3396', 'testC396', '2018-06-04', 0),
(597, 'testName397', 597, '7', 'testD1397', 'testD2397', 'testD3397', 'testC397', '2018-06-04', 0),
(598, 'testName398', 598, '8', 'testD1398', 'testD2398', 'testD3398', 'testC398', '2018-06-04', 0),
(599, 'testName399', 599, '9', 'testD1399', 'testD2399', 'testD3399', 'testC399', '2018-06-04', 0),
(600, 'testName400', 600, '0', 'testD1400', 'testD2400', 'testD3400', 'testC400', '2018-06-04', 0),
(601, 'testName401', 601, '1', 'testD1401', 'testD2401', 'testD3401', 'testC401', '2018-06-04', 0),
(602, 'testName402', 602, '2', 'testD1402', 'testD2402', 'testD3402', 'testC402', '2018-06-04', 0),
(603, 'testName403', 603, '3', 'testD1403', 'testD2403', 'testD3403', 'testC403', '2018-06-04', 0),
(604, 'testName404', 604, '4', 'testD1404', 'testD2404', 'testD3404', 'testC404', '2018-06-04', 0),
(605, 'testName405', 605, '5', 'testD1405', 'testD2405', 'testD3405', 'testC405', '2018-06-04', 0),
(606, 'testName406', 606, '6', 'testD1406', 'testD2406', 'testD3406', 'testC406', '2018-06-04', 0),
(607, 'testName407', 607, '7', 'testD1407', 'testD2407', 'testD3407', 'testC407', '2018-06-04', 0),
(608, 'testName408', 608, '8', 'testD1408', 'testD2408', 'testD3408', 'testC408', '2018-06-04', 0),
(609, 'testName409', 609, '9', 'testD1409', 'testD2409', 'testD3409', 'testC409', '2018-06-04', 0),
(610, 'testName410', 610, '0', 'testD1410', 'testD2410', 'testD3410', 'testC410', '2018-06-04', 0),
(611, 'testName411', 611, '1', 'testD1411', 'testD2411', 'testD3411', 'testC411', '2018-06-04', 0),
(612, 'testName412', 612, '2', 'testD1412', 'testD2412', 'testD3412', 'testC412', '2018-06-04', 0),
(613, 'testName413', 613, '3', 'testD1413', 'testD2413', 'testD3413', 'testC413', '2018-06-04', 0),
(614, 'testName414', 614, '4', 'testD1414', 'testD2414', 'testD3414', 'testC414', '2018-06-04', 0),
(615, 'testName415', 615, '5', 'testD1415', 'testD2415', 'testD3415', 'testC415', '2018-06-04', 0),
(616, 'testName416', 616, '6', 'testD1416', 'testD2416', 'testD3416', 'testC416', '2018-06-04', 0),
(617, 'testName417', 617, '7', 'testD1417', 'testD2417', 'testD3417', 'testC417', '2018-06-04', 0),
(618, 'testName418', 618, '8', 'testD1418', 'testD2418', 'testD3418', 'testC418', '2018-06-04', 0),
(619, 'testName419', 619, '9', 'testD1419', 'testD2419', 'testD3419', 'testC419', '2018-06-04', 0),
(620, 'testName420', 620, '0', 'testD1420', 'testD2420', 'testD3420', 'testC420', '2018-06-04', 0),
(621, 'testName421', 621, '1', 'testD1421', 'testD2421', 'testD3421', 'testC421', '2018-06-04', 0),
(622, 'testName422', 622, '2', 'testD1422', 'testD2422', 'testD3422', 'testC422', '2018-06-04', 0),
(623, 'testName423', 623, '3', 'testD1423', 'testD2423', 'testD3423', 'testC423', '2018-06-04', 0),
(624, 'testName424', 624, '4', 'testD1424', 'testD2424', 'testD3424', 'testC424', '2018-06-04', 0),
(625, 'testName425', 625, '5', 'testD1425', 'testD2425', 'testD3425', 'testC425', '2018-06-04', 0),
(626, 'testName426', 626, '6', 'testD1426', 'testD2426', 'testD3426', 'testC426', '2018-06-04', 0),
(627, 'testName427', 627, '7', 'testD1427', 'testD2427', 'testD3427', 'testC427', '2018-06-04', 0),
(628, 'testName428', 628, '8', 'testD1428', 'testD2428', 'testD3428', 'testC428', '2018-06-04', 0),
(629, 'testName429', 629, '9', 'testD1429', 'testD2429', 'testD3429', 'testC429', '2018-06-04', 0),
(630, 'testName430', 630, '0', 'testD1430', 'testD2430', 'testD3430', 'testC430', '2018-06-04', 0),
(631, 'testName431', 631, '1', 'testD1431', 'testD2431', 'testD3431', 'testC431', '2018-06-04', 0),
(632, 'testName432', 632, '2', 'testD1432', 'testD2432', 'testD3432', 'testC432', '2018-06-04', 0),
(633, 'testName433', 633, '3', 'testD1433', 'testD2433', 'testD3433', 'testC433', '2018-06-04', 0),
(634, 'testName434', 634, '4', 'testD1434', 'testD2434', 'testD3434', 'testC434', '2018-06-04', 0),
(635, 'testName435', 635, '5', 'testD1435', 'testD2435', 'testD3435', 'testC435', '2018-06-04', 0),
(636, 'testName436', 636, '6', 'testD1436', 'testD2436', 'testD3436', 'testC436', '2018-06-04', 0),
(637, 'testName437', 637, '7', 'testD1437', 'testD2437', 'testD3437', 'testC437', '2018-06-04', 0),
(638, 'testName438', 638, '8', 'testD1438', 'testD2438', 'testD3438', 'testC438', '2018-06-04', 0),
(639, 'testName439', 639, '9', 'testD1439', 'testD2439', 'testD3439', 'testC439', '2018-06-04', 0),
(640, 'testName440', 640, '0', 'testD1440', 'testD2440', 'testD3440', 'testC440', '2018-06-04', 0),
(641, 'testName441', 641, '1', 'testD1441', 'testD2441', 'testD3441', 'testC441', '2018-06-04', 0),
(642, 'testName442', 642, '2', 'testD1442', 'testD2442', 'testD3442', 'testC442', '2018-06-04', 0),
(643, 'testName443', 643, '3', 'testD1443', 'testD2443', 'testD3443', 'testC443', '2018-06-04', 0),
(644, 'testName444', 644, '4', 'testD1444', 'testD2444', 'testD3444', 'testC444', '2018-06-04', 0),
(645, 'testName445', 645, '5', 'testD1445', 'testD2445', 'testD3445', 'testC445', '2018-06-04', 0),
(646, 'testName446', 646, '6', 'testD1446', 'testD2446', 'testD3446', 'testC446', '2018-06-04', 0),
(647, 'testName447', 647, '7', 'testD1447', 'testD2447', 'testD3447', 'testC447', '2018-06-04', 0),
(648, 'testName448', 648, '8', 'testD1448', 'testD2448', 'testD3448', 'testC448', '2018-06-04', 0),
(649, 'testName449', 649, '9', 'testD1449', 'testD2449', 'testD3449', 'testC449', '2018-06-04', 0),
(650, 'testName450', 650, '0', 'testD1450', 'testD2450', 'testD3450', 'testC450', '2018-06-04', 0),
(651, 'testName451', 651, '1', 'testD1451', 'testD2451', 'testD3451', 'testC451', '2018-06-04', 0),
(652, 'testName452', 652, '2', 'testD1452', 'testD2452', 'testD3452', 'testC452', '2018-06-04', 0),
(653, 'testName453', 653, '3', 'testD1453', 'testD2453', 'testD3453', 'testC453', '2018-06-04', 0),
(654, 'testName454', 654, '4', 'testD1454', 'testD2454', 'testD3454', 'testC454', '2018-06-04', 0),
(655, 'testName455', 655, '5', 'testD1455', 'testD2455', 'testD3455', 'testC455', '2018-06-04', 0),
(656, 'testName456', 656, '6', 'testD1456', 'testD2456', 'testD3456', 'testC456', '2018-06-04', 0),
(657, 'testName457', 657, '7', 'testD1457', 'testD2457', 'testD3457', 'testC457', '2018-06-04', 0),
(658, 'testName458', 658, '8', 'testD1458', 'testD2458', 'testD3458', 'testC458', '2018-06-04', 0),
(659, 'testName459', 659, '9', 'testD1459', 'testD2459', 'testD3459', 'testC459', '2018-06-04', 0),
(660, 'testName460', 660, '0', 'testD1460', 'testD2460', 'testD3460', 'testC460', '2018-06-04', 0),
(661, 'testName461', 661, '1', 'testD1461', 'testD2461', 'testD3461', 'testC461', '2018-06-04', 0),
(662, 'testName462', 662, '2', 'testD1462', 'testD2462', 'testD3462', 'testC462', '2018-06-04', 0),
(663, 'testName463', 663, '3', 'testD1463', 'testD2463', 'testD3463', 'testC463', '2018-06-04', 0),
(664, 'testName464', 664, '4', 'testD1464', 'testD2464', 'testD3464', 'testC464', '2018-06-04', 0),
(665, 'testName465', 665, '5', 'testD1465', 'testD2465', 'testD3465', 'testC465', '2018-06-04', 0),
(666, 'testName466', 666, '6', 'testD1466', 'testD2466', 'testD3466', 'testC466', '2018-06-04', 0),
(667, 'testName467', 667, '7', 'testD1467', 'testD2467', 'testD3467', 'testC467', '2018-06-04', 0),
(668, 'testName468', 668, '8', 'testD1468', 'testD2468', 'testD3468', 'testC468', '2018-06-04', 0),
(669, 'testName469', 669, '9', 'testD1469', 'testD2469', 'testD3469', 'testC469', '2018-06-04', 0),
(670, 'testName470', 670, '0', 'testD1470', 'testD2470', 'testD3470', 'testC470', '2018-06-04', 0),
(671, 'testName471', 671, '1', 'testD1471', 'testD2471', 'testD3471', 'testC471', '2018-06-04', 0),
(672, 'testName472', 672, '2', 'testD1472', 'testD2472', 'testD3472', 'testC472', '2018-06-04', 0),
(673, 'testName473', 673, '3', 'testD1473', 'testD2473', 'testD3473', 'testC473', '2018-06-04', 0),
(674, 'testName474', 674, '4', 'testD1474', 'testD2474', 'testD3474', 'testC474', '2018-06-04', 0),
(675, 'testName475', 675, '5', 'testD1475', 'testD2475', 'testD3475', 'testC475', '2018-06-04', 0),
(676, 'testName476', 676, '6', 'testD1476', 'testD2476', 'testD3476', 'testC476', '2018-06-04', 0),
(677, 'testName477', 677, '7', 'testD1477', 'testD2477', 'testD3477', 'testC477', '2018-06-04', 0),
(678, 'testName478', 678, '8', 'testD1478', 'testD2478', 'testD3478', 'testC478', '2018-06-04', 0),
(679, 'testName479', 679, '9', 'testD1479', 'testD2479', 'testD3479', 'testC479', '2018-06-04', 0),
(680, 'testName480', 680, '0', 'testD1480', 'testD2480', 'testD3480', 'testC480', '2018-06-04', 0),
(681, 'testName481', 681, '1', 'testD1481', 'testD2481', 'testD3481', 'testC481', '2018-06-04', 0),
(682, 'testName482', 682, '2', 'testD1482', 'testD2482', 'testD3482', 'testC482', '2018-06-04', 0),
(683, 'testName483', 683, '3', 'testD1483', 'testD2483', 'testD3483', 'testC483', '2018-06-04', 0),
(684, 'testName484', 684, '4', 'testD1484', 'testD2484', 'testD3484', 'testC484', '2018-06-04', 0),
(685, 'testName485', 685, '5', 'testD1485', 'testD2485', 'testD3485', 'testC485', '2018-06-04', 0),
(686, 'testName486', 686, '6', 'testD1486', 'testD2486', 'testD3486', 'testC486', '2018-06-04', 0),
(687, 'testName487', 687, '7', 'testD1487', 'testD2487', 'testD3487', 'testC487', '2018-06-04', 0),
(688, 'testName488', 688, '8', 'testD1488', 'testD2488', 'testD3488', 'testC488', '2018-06-04', 0),
(689, 'testName489', 689, '9', 'testD1489', 'testD2489', 'testD3489', 'testC489', '2018-06-04', 0),
(690, 'testName490', 690, '0', 'testD1490', 'testD2490', 'testD3490', 'testC490', '2018-06-04', 0),
(691, 'testName491', 691, '1', 'testD1491', 'testD2491', 'testD3491', 'testC491', '2018-06-04', 0),
(692, 'testName492', 692, '2', 'testD1492', 'testD2492', 'testD3492', 'testC492', '2018-06-04', 0),
(693, 'testName493', 693, '3', 'testD1493', 'testD2493', 'testD3493', 'testC493', '2018-06-04', 0),
(694, 'testName494', 694, '4', 'testD1494', 'testD2494', 'testD3494', 'testC494', '2018-06-04', 0),
(695, 'testName495', 695, '5', 'testD1495', 'testD2495', 'testD3495', 'testC495', '2018-06-04', 0),
(696, 'testName496', 696, '6', 'testD1496', 'testD2496', 'testD3496', 'testC496', '2018-06-04', 0),
(697, 'testName497', 697, '7', 'testD1497', 'testD2497', 'testD3497', 'testC497', '2018-06-04', 0),
(698, 'testName498', 698, '8', 'testD1498', 'testD2498', 'testD3498', 'testC498', '2018-06-04', 0),
(699, 'testName499', 699, '9', 'testD1499', 'testD2499', 'testD3499', 'testC499', '2018-06-04', 0),
(700, 'testName500', 700, '0', 'testD1500', 'testD2500', 'testD3500', 'testC500', '2018-06-04', 0),
(701, 'testName501', 701, '1', 'testD1501', 'testD2501', 'testD3501', 'testC501', '2018-06-04', 0),
(702, 'testName502', 702, '2', 'testD1502', 'testD2502', 'testD3502', 'testC502', '2018-06-04', 0),
(703, 'testName503', 703, '3', 'testD1503', 'testD2503', 'testD3503', 'testC503', '2018-06-04', 0),
(704, 'testName504', 704, '4', 'testD1504', 'testD2504', 'testD3504', 'testC504', '2018-06-04', 0),
(705, 'testName505', 705, '5', 'testD1505', 'testD2505', 'testD3505', 'testC505', '2018-06-04', 0),
(706, 'testName506', 706, '6', 'testD1506', 'testD2506', 'testD3506', 'testC506', '2018-06-04', 0),
(707, 'testName507', 707, '7', 'testD1507', 'testD2507', 'testD3507', 'testC507', '2018-06-04', 0),
(708, 'testName508', 708, '8', 'testD1508', 'testD2508', 'testD3508', 'testC508', '2018-06-04', 0),
(709, 'testName509', 709, '9', 'testD1509', 'testD2509', 'testD3509', 'testC509', '2018-06-04', 0),
(710, 'testName510', 710, '0', 'testD1510', 'testD2510', 'testD3510', 'testC510', '2018-06-04', 0),
(711, 'testName511', 711, '1', 'testD1511', 'testD2511', 'testD3511', 'testC511', '2018-06-04', 0),
(712, 'testName512', 712, '2', 'testD1512', 'testD2512', 'testD3512', 'testC512', '2018-06-04', 0),
(713, 'testName513', 713, '3', 'testD1513', 'testD2513', 'testD3513', 'testC513', '2018-06-04', 0);
INSERT INTO `item` (`itemID`, `itemName`, `price`, `category`, `description`, `description2`, `description3`, `company`, `date`, `soldout`) VALUES
(714, 'testName514', 714, '4', 'testD1514', 'testD2514', 'testD3514', 'testC514', '2018-06-04', 0),
(715, 'testName515', 715, '5', 'testD1515', 'testD2515', 'testD3515', 'testC515', '2018-06-04', 0),
(716, 'testName516', 716, '6', 'testD1516', 'testD2516', 'testD3516', 'testC516', '2018-06-04', 0),
(717, 'testName517', 717, '7', 'testD1517', 'testD2517', 'testD3517', 'testC517', '2018-06-04', 0),
(718, 'testName518', 718, '8', 'testD1518', 'testD2518', 'testD3518', 'testC518', '2018-06-04', 0),
(719, 'testName519', 719, '9', 'testD1519', 'testD2519', 'testD3519', 'testC519', '2018-06-04', 0),
(720, 'testName520', 720, '0', 'testD1520', 'testD2520', 'testD3520', 'testC520', '2018-06-04', 0),
(721, 'testName521', 721, '1', 'testD1521', 'testD2521', 'testD3521', 'testC521', '2018-06-04', 0),
(722, 'testName522', 722, '2', 'testD1522', 'testD2522', 'testD3522', 'testC522', '2018-06-04', 0),
(723, 'testName523', 723, '3', 'testD1523', 'testD2523', 'testD3523', 'testC523', '2018-06-04', 0),
(724, 'testName524', 724, '4', 'testD1524', 'testD2524', 'testD3524', 'testC524', '2018-06-04', 0),
(725, 'testName525', 725, '5', 'testD1525', 'testD2525', 'testD3525', 'testC525', '2018-06-04', 0),
(726, 'testName526', 726, '6', 'testD1526', 'testD2526', 'testD3526', 'testC526', '2018-06-04', 0),
(727, 'testName527', 727, '7', 'testD1527', 'testD2527', 'testD3527', 'testC527', '2018-06-04', 0),
(728, 'testName528', 728, '8', 'testD1528', 'testD2528', 'testD3528', 'testC528', '2018-06-04', 0),
(729, 'testName529', 729, '9', 'testD1529', 'testD2529', 'testD3529', 'testC529', '2018-06-04', 0),
(730, 'testName530', 730, '0', 'testD1530', 'testD2530', 'testD3530', 'testC530', '2018-06-04', 0),
(731, 'testName531', 731, '1', 'testD1531', 'testD2531', 'testD3531', 'testC531', '2018-06-04', 0),
(732, 'testName532', 732, '2', 'testD1532', 'testD2532', 'testD3532', 'testC532', '2018-06-04', 0),
(733, 'testName533', 733, '3', 'testD1533', 'testD2533', 'testD3533', 'testC533', '2018-06-04', 0),
(734, 'testName534', 734, '4', 'testD1534', 'testD2534', 'testD3534', 'testC534', '2018-06-04', 0),
(735, 'testName535', 735, '5', 'testD1535', 'testD2535', 'testD3535', 'testC535', '2018-06-04', 0),
(736, 'testName536', 736, '6', 'testD1536', 'testD2536', 'testD3536', 'testC536', '2018-06-04', 0),
(737, 'testName537', 737, '7', 'testD1537', 'testD2537', 'testD3537', 'testC537', '2018-06-04', 0),
(738, 'testName538', 738, '8', 'testD1538', 'testD2538', 'testD3538', 'testC538', '2018-06-04', 0),
(739, 'testName539', 739, '9', 'testD1539', 'testD2539', 'testD3539', 'testC539', '2018-06-04', 0),
(740, 'testName540', 740, '0', 'testD1540', 'testD2540', 'testD3540', 'testC540', '2018-06-04', 0),
(741, 'testName541', 741, '1', 'testD1541', 'testD2541', 'testD3541', 'testC541', '2018-06-04', 0),
(742, 'testName542', 742, '2', 'testD1542', 'testD2542', 'testD3542', 'testC542', '2018-06-04', 0),
(743, 'testName543', 743, '3', 'testD1543', 'testD2543', 'testD3543', 'testC543', '2018-06-04', 0),
(744, 'testName544', 744, '4', 'testD1544', 'testD2544', 'testD3544', 'testC544', '2018-06-04', 0),
(745, 'testName545', 745, '5', 'testD1545', 'testD2545', 'testD3545', 'testC545', '2018-06-04', 0),
(746, 'testName546', 746, '6', 'testD1546', 'testD2546', 'testD3546', 'testC546', '2018-06-04', 0),
(747, 'testName547', 747, '7', 'testD1547', 'testD2547', 'testD3547', 'testC547', '2018-06-04', 0),
(748, 'testName548', 748, '8', 'testD1548', 'testD2548', 'testD3548', 'testC548', '2018-06-04', 0),
(749, 'testName549', 749, '9', 'testD1549', 'testD2549', 'testD3549', 'testC549', '2018-06-04', 0),
(750, 'testName550', 750, '0', 'testD1550', 'testD2550', 'testD3550', 'testC550', '2018-06-04', 0),
(751, 'testName551', 751, '1', 'testD1551', 'testD2551', 'testD3551', 'testC551', '2018-06-04', 0),
(752, 'testName552', 752, '2', 'testD1552', 'testD2552', 'testD3552', 'testC552', '2018-06-04', 0),
(753, 'testName553', 753, '3', 'testD1553', 'testD2553', 'testD3553', 'testC553', '2018-06-04', 0),
(754, 'testName554', 754, '4', 'testD1554', 'testD2554', 'testD3554', 'testC554', '2018-06-04', 0),
(755, 'testName555', 755, '5', 'testD1555', 'testD2555', 'testD3555', 'testC555', '2018-06-04', 0),
(756, 'testName556', 756, '6', 'testD1556', 'testD2556', 'testD3556', 'testC556', '2018-06-04', 0),
(757, 'testName557', 757, '7', 'testD1557', 'testD2557', 'testD3557', 'testC557', '2018-06-04', 0),
(758, 'testName558', 758, '8', 'testD1558', 'testD2558', 'testD3558', 'testC558', '2018-06-04', 0),
(759, 'testName559', 759, '9', 'testD1559', 'testD2559', 'testD3559', 'testC559', '2018-06-04', 0),
(760, 'testName560', 760, '0', 'testD1560', 'testD2560', 'testD3560', 'testC560', '2018-06-04', 0),
(761, 'testName561', 761, '1', 'testD1561', 'testD2561', 'testD3561', 'testC561', '2018-06-04', 0),
(762, 'testName562', 762, '2', 'testD1562', 'testD2562', 'testD3562', 'testC562', '2018-06-04', 0),
(763, 'testName563', 763, '3', 'testD1563', 'testD2563', 'testD3563', 'testC563', '2018-06-04', 0),
(764, 'testName564', 764, '4', 'testD1564', 'testD2564', 'testD3564', 'testC564', '2018-06-04', 0),
(765, 'testName565', 765, '5', 'testD1565', 'testD2565', 'testD3565', 'testC565', '2018-06-04', 0),
(766, 'testName566', 766, '6', 'testD1566', 'testD2566', 'testD3566', 'testC566', '2018-06-04', 0),
(767, 'testName567', 767, '7', 'testD1567', 'testD2567', 'testD3567', 'testC567', '2018-06-04', 0),
(768, 'testName568', 768, '8', 'testD1568', 'testD2568', 'testD3568', 'testC568', '2018-06-04', 0),
(769, 'testName569', 769, '9', 'testD1569', 'testD2569', 'testD3569', 'testC569', '2018-06-04', 0),
(770, 'testName570', 770, '0', 'testD1570', 'testD2570', 'testD3570', 'testC570', '2018-06-04', 0),
(771, 'testName571', 771, '1', 'testD1571', 'testD2571', 'testD3571', 'testC571', '2018-06-04', 0),
(772, 'testName572', 772, '2', 'testD1572', 'testD2572', 'testD3572', 'testC572', '2018-06-04', 0),
(773, 'testName573', 773, '3', 'testD1573', 'testD2573', 'testD3573', 'testC573', '2018-06-04', 0),
(774, 'testName574', 774, '4', 'testD1574', 'testD2574', 'testD3574', 'testC574', '2018-06-04', 0),
(775, 'testName575', 775, '5', 'testD1575', 'testD2575', 'testD3575', 'testC575', '2018-06-04', 0),
(776, 'testName576', 776, '6', 'testD1576', 'testD2576', 'testD3576', 'testC576', '2018-06-04', 0),
(777, 'testName577', 777, '7', 'testD1577', 'testD2577', 'testD3577', 'testC577', '2018-06-04', 0),
(778, 'testName578', 778, '8', 'testD1578', 'testD2578', 'testD3578', 'testC578', '2018-06-04', 0),
(779, 'testName579', 779, '9', 'testD1579', 'testD2579', 'testD3579', 'testC579', '2018-06-04', 0),
(780, 'testName580', 780, '0', 'testD1580', 'testD2580', 'testD3580', 'testC580', '2018-06-04', 0),
(781, 'testName581', 781, '1', 'testD1581', 'testD2581', 'testD3581', 'testC581', '2018-06-04', 0),
(782, 'testName582', 782, '2', 'testD1582', 'testD2582', 'testD3582', 'testC582', '2018-06-04', 0),
(783, 'testName583', 783, '3', 'testD1583', 'testD2583', 'testD3583', 'testC583', '2018-06-04', 0),
(784, 'testName584', 784, '4', 'testD1584', 'testD2584', 'testD3584', 'testC584', '2018-06-04', 0),
(785, 'testName585', 785, '5', 'testD1585', 'testD2585', 'testD3585', 'testC585', '2018-06-04', 0),
(786, 'testName586', 786, '6', 'testD1586', 'testD2586', 'testD3586', 'testC586', '2018-06-04', 0),
(787, 'testName587', 787, '7', 'testD1587', 'testD2587', 'testD3587', 'testC587', '2018-06-04', 0),
(788, 'testName588', 788, '8', 'testD1588', 'testD2588', 'testD3588', 'testC588', '2018-06-04', 0),
(789, 'testName589', 789, '9', 'testD1589', 'testD2589', 'testD3589', 'testC589', '2018-06-04', 0),
(790, 'testName590', 790, '0', 'testD1590', 'testD2590', 'testD3590', 'testC590', '2018-06-04', 0),
(791, 'testName591', 791, '1', 'testD1591', 'testD2591', 'testD3591', 'testC591', '2018-06-04', 0),
(792, 'testName592', 792, '2', 'testD1592', 'testD2592', 'testD3592', 'testC592', '2018-06-04', 0),
(793, 'testName593', 793, '3', 'testD1593', 'testD2593', 'testD3593', 'testC593', '2018-06-04', 0),
(794, 'testName594', 794, '4', 'testD1594', 'testD2594', 'testD3594', 'testC594', '2018-06-04', 0),
(795, 'testName595', 795, '5', 'testD1595', 'testD2595', 'testD3595', 'testC595', '2018-06-04', 0),
(796, 'testName596', 796, '6', 'testD1596', 'testD2596', 'testD3596', 'testC596', '2018-06-04', 0),
(797, 'testName597', 797, '7', 'testD1597', 'testD2597', 'testD3597', 'testC597', '2018-06-04', 0),
(798, 'testName598', 798, '8', 'testD1598', 'testD2598', 'testD3598', 'testC598', '2018-06-04', 0),
(799, 'testName599', 799, '9', 'testD1599', 'testD2599', 'testD3599', 'testC599', '2018-06-04', 0),
(800, 'testName600', 800, '0', 'testD1600', 'testD2600', 'testD3600', 'testC600', '2018-06-04', 0),
(801, 'testName601', 801, '1', 'testD1601', 'testD2601', 'testD3601', 'testC601', '2018-06-04', 0),
(802, 'testName602', 802, '2', 'testD1602', 'testD2602', 'testD3602', 'testC602', '2018-06-04', 0),
(803, 'testName603', 803, '3', 'testD1603', 'testD2603', 'testD3603', 'testC603', '2018-06-04', 0),
(804, 'testName604', 804, '4', 'testD1604', 'testD2604', 'testD3604', 'testC604', '2018-06-04', 0),
(805, 'testName605', 805, '5', 'testD1605', 'testD2605', 'testD3605', 'testC605', '2018-06-04', 0),
(806, 'testName606', 806, '6', 'testD1606', 'testD2606', 'testD3606', 'testC606', '2018-06-04', 0),
(807, 'testName607', 807, '7', 'testD1607', 'testD2607', 'testD3607', 'testC607', '2018-06-04', 0),
(808, 'testName608', 808, '8', 'testD1608', 'testD2608', 'testD3608', 'testC608', '2018-06-04', 0),
(809, 'testName609', 809, '9', 'testD1609', 'testD2609', 'testD3609', 'testC609', '2018-06-04', 0),
(810, 'testName610', 810, '0', 'testD1610', 'testD2610', 'testD3610', 'testC610', '2018-06-04', 0),
(811, 'testName611', 811, '1', 'testD1611', 'testD2611', 'testD3611', 'testC611', '2018-06-04', 0),
(812, 'testName612', 812, '2', 'testD1612', 'testD2612', 'testD3612', 'testC612', '2018-06-04', 0),
(813, 'testName613', 813, '3', 'testD1613', 'testD2613', 'testD3613', 'testC613', '2018-06-04', 0),
(814, 'testName614', 814, '4', 'testD1614', 'testD2614', 'testD3614', 'testC614', '2018-06-04', 0),
(815, 'testName615', 815, '5', 'testD1615', 'testD2615', 'testD3615', 'testC615', '2018-06-04', 0),
(816, 'testName616', 816, '6', 'testD1616', 'testD2616', 'testD3616', 'testC616', '2018-06-04', 0),
(817, 'testName617', 817, '7', 'testD1617', 'testD2617', 'testD3617', 'testC617', '2018-06-04', 0),
(818, 'testName618', 818, '8', 'testD1618', 'testD2618', 'testD3618', 'testC618', '2018-06-04', 0),
(819, 'testName619', 819, '9', 'testD1619', 'testD2619', 'testD3619', 'testC619', '2018-06-04', 0),
(820, 'testName620', 820, '0', 'testD1620', 'testD2620', 'testD3620', 'testC620', '2018-06-04', 0),
(821, 'testName621', 821, '1', 'testD1621', 'testD2621', 'testD3621', 'testC621', '2018-06-04', 0),
(822, 'testName622', 822, '2', 'testD1622', 'testD2622', 'testD3622', 'testC622', '2018-06-04', 0),
(823, 'testName623', 823, '3', 'testD1623', 'testD2623', 'testD3623', 'testC623', '2018-06-04', 0),
(824, 'testName624', 824, '4', 'testD1624', 'testD2624', 'testD3624', 'testC624', '2018-06-04', 0),
(825, 'testName625', 825, '5', 'testD1625', 'testD2625', 'testD3625', 'testC625', '2018-06-04', 0),
(826, 'testName626', 826, '6', 'testD1626', 'testD2626', 'testD3626', 'testC626', '2018-06-04', 0),
(827, 'testName627', 827, '7', 'testD1627', 'testD2627', 'testD3627', 'testC627', '2018-06-04', 0),
(828, 'testName628', 828, '8', 'testD1628', 'testD2628', 'testD3628', 'testC628', '2018-06-04', 0),
(829, 'testName629', 829, '9', 'testD1629', 'testD2629', 'testD3629', 'testC629', '2018-06-04', 0),
(830, 'testName630', 830, '0', 'testD1630', 'testD2630', 'testD3630', 'testC630', '2018-06-04', 0),
(831, 'testName631', 831, '1', 'testD1631', 'testD2631', 'testD3631', 'testC631', '2018-06-04', 0),
(832, 'testName632', 832, '2', 'testD1632', 'testD2632', 'testD3632', 'testC632', '2018-06-04', 0),
(833, 'testName633', 833, '3', 'testD1633', 'testD2633', 'testD3633', 'testC633', '2018-06-04', 0),
(834, 'testName634', 834, '4', 'testD1634', 'testD2634', 'testD3634', 'testC634', '2018-06-04', 0),
(835, 'testName635', 835, '5', 'testD1635', 'testD2635', 'testD3635', 'testC635', '2018-06-04', 0),
(836, 'testName636', 836, '6', 'testD1636', 'testD2636', 'testD3636', 'testC636', '2018-06-04', 0),
(837, 'testName637', 837, '7', 'testD1637', 'testD2637', 'testD3637', 'testC637', '2018-06-04', 0),
(838, 'testName638', 838, '8', 'testD1638', 'testD2638', 'testD3638', 'testC638', '2018-06-04', 0),
(839, 'testName639', 839, '9', 'testD1639', 'testD2639', 'testD3639', 'testC639', '2018-06-04', 0),
(840, 'testName640', 840, '0', 'testD1640', 'testD2640', 'testD3640', 'testC640', '2018-06-04', 0),
(841, 'testName641', 841, '1', 'testD1641', 'testD2641', 'testD3641', 'testC641', '2018-06-04', 0),
(842, 'testName642', 842, '2', 'testD1642', 'testD2642', 'testD3642', 'testC642', '2018-06-04', 0),
(843, 'testName643', 843, '3', 'testD1643', 'testD2643', 'testD3643', 'testC643', '2018-06-04', 0),
(844, 'testName644', 844, '4', 'testD1644', 'testD2644', 'testD3644', 'testC644', '2018-06-04', 0),
(845, 'testName645', 845, '5', 'testD1645', 'testD2645', 'testD3645', 'testC645', '2018-06-04', 0),
(846, 'testName646', 846, '6', 'testD1646', 'testD2646', 'testD3646', 'testC646', '2018-06-04', 0),
(847, 'testName647', 847, '7', 'testD1647', 'testD2647', 'testD3647', 'testC647', '2018-06-04', 0),
(848, 'testName648', 848, '8', 'testD1648', 'testD2648', 'testD3648', 'testC648', '2018-06-04', 0),
(849, 'testName649', 849, '9', 'testD1649', 'testD2649', 'testD3649', 'testC649', '2018-06-04', 0),
(850, 'testName650', 850, '0', 'testD1650', 'testD2650', 'testD3650', 'testC650', '2018-06-04', 0),
(851, 'testName651', 851, '1', 'testD1651', 'testD2651', 'testD3651', 'testC651', '2018-06-04', 0),
(852, 'testName652', 852, '2', 'testD1652', 'testD2652', 'testD3652', 'testC652', '2018-06-04', 0),
(853, 'testName653', 853, '3', 'testD1653', 'testD2653', 'testD3653', 'testC653', '2018-06-04', 0),
(854, 'testName654', 854, '4', 'testD1654', 'testD2654', 'testD3654', 'testC654', '2018-06-04', 0),
(855, 'testName655', 855, '5', 'testD1655', 'testD2655', 'testD3655', 'testC655', '2018-06-04', 0),
(856, 'testName656', 856, '6', 'testD1656', 'testD2656', 'testD3656', 'testC656', '2018-06-04', 0),
(857, 'testName657', 857, '7', 'testD1657', 'testD2657', 'testD3657', 'testC657', '2018-06-04', 0),
(858, 'testName658', 858, '8', 'testD1658', 'testD2658', 'testD3658', 'testC658', '2018-06-04', 0),
(859, 'testName659', 859, '9', 'testD1659', 'testD2659', 'testD3659', 'testC659', '2018-06-04', 0),
(860, 'testName660', 860, '0', 'testD1660', 'testD2660', 'testD3660', 'testC660', '2018-06-04', 0),
(861, 'testName661', 861, '1', 'testD1661', 'testD2661', 'testD3661', 'testC661', '2018-06-04', 0),
(862, 'testName662', 862, '2', 'testD1662', 'testD2662', 'testD3662', 'testC662', '2018-06-04', 0),
(863, 'testName663', 863, '3', 'testD1663', 'testD2663', 'testD3663', 'testC663', '2018-06-04', 0),
(864, 'testName664', 864, '4', 'testD1664', 'testD2664', 'testD3664', 'testC664', '2018-06-04', 0),
(865, 'testName665', 865, '5', 'testD1665', 'testD2665', 'testD3665', 'testC665', '2018-06-04', 0),
(866, 'testName666', 866, '6', 'testD1666', 'testD2666', 'testD3666', 'testC666', '2018-06-04', 0),
(867, 'testName667', 867, '7', 'testD1667', 'testD2667', 'testD3667', 'testC667', '2018-06-04', 0),
(868, 'testName668', 868, '8', 'testD1668', 'testD2668', 'testD3668', 'testC668', '2018-06-04', 0),
(869, 'testName669', 869, '9', 'testD1669', 'testD2669', 'testD3669', 'testC669', '2018-06-04', 0),
(870, 'testName670', 870, '0', 'testD1670', 'testD2670', 'testD3670', 'testC670', '2018-06-04', 0),
(871, 'testName671', 871, '1', 'testD1671', 'testD2671', 'testD3671', 'testC671', '2018-06-04', 0),
(872, 'testName672', 872, '2', 'testD1672', 'testD2672', 'testD3672', 'testC672', '2018-06-04', 0),
(873, 'testName673', 873, '3', 'testD1673', 'testD2673', 'testD3673', 'testC673', '2018-06-04', 0),
(874, 'testName674', 874, '4', 'testD1674', 'testD2674', 'testD3674', 'testC674', '2018-06-04', 0),
(875, 'testName675', 875, '5', 'testD1675', 'testD2675', 'testD3675', 'testC675', '2018-06-04', 0),
(876, 'testName676', 876, '6', 'testD1676', 'testD2676', 'testD3676', 'testC676', '2018-06-04', 0),
(877, 'testName677', 877, '7', 'testD1677', 'testD2677', 'testD3677', 'testC677', '2018-06-04', 0),
(878, 'testName678', 878, '8', 'testD1678', 'testD2678', 'testD3678', 'testC678', '2018-06-04', 0),
(879, 'testName679', 879, '9', 'testD1679', 'testD2679', 'testD3679', 'testC679', '2018-06-04', 0),
(880, 'testName680', 880, '0', 'testD1680', 'testD2680', 'testD3680', 'testC680', '2018-06-04', 0),
(881, 'testName681', 881, '1', 'testD1681', 'testD2681', 'testD3681', 'testC681', '2018-06-04', 0),
(882, 'testName682', 882, '2', 'testD1682', 'testD2682', 'testD3682', 'testC682', '2018-06-04', 0),
(883, 'testName683', 883, '3', 'testD1683', 'testD2683', 'testD3683', 'testC683', '2018-06-04', 0),
(884, 'testName684', 884, '4', 'testD1684', 'testD2684', 'testD3684', 'testC684', '2018-06-04', 0),
(885, 'testName685', 885, '5', 'testD1685', 'testD2685', 'testD3685', 'testC685', '2018-06-04', 0),
(886, 'testName686', 886, '6', 'testD1686', 'testD2686', 'testD3686', 'testC686', '2018-06-04', 0),
(887, 'testName687', 887, '7', 'testD1687', 'testD2687', 'testD3687', 'testC687', '2018-06-04', 0),
(888, 'testName688', 888, '8', 'testD1688', 'testD2688', 'testD3688', 'testC688', '2018-06-04', 0),
(889, 'testName689', 889, '9', 'testD1689', 'testD2689', 'testD3689', 'testC689', '2018-06-04', 0),
(890, 'testName690', 890, '0', 'testD1690', 'testD2690', 'testD3690', 'testC690', '2018-06-04', 0),
(891, 'testName691', 891, '1', 'testD1691', 'testD2691', 'testD3691', 'testC691', '2018-06-04', 0),
(892, 'testName692', 892, '2', 'testD1692', 'testD2692', 'testD3692', 'testC692', '2018-06-04', 0),
(893, 'testName693', 893, '3', 'testD1693', 'testD2693', 'testD3693', 'testC693', '2018-06-04', 0),
(894, 'testName694', 894, '4', 'testD1694', 'testD2694', 'testD3694', 'testC694', '2018-06-04', 0),
(895, 'testName695', 895, '5', 'testD1695', 'testD2695', 'testD3695', 'testC695', '2018-06-04', 0),
(896, 'testName696', 896, '6', 'testD1696', 'testD2696', 'testD3696', 'testC696', '2018-06-04', 0),
(897, 'testName697', 897, '7', 'testD1697', 'testD2697', 'testD3697', 'testC697', '2018-06-04', 0),
(898, 'testName698', 898, '8', 'testD1698', 'testD2698', 'testD3698', 'testC698', '2018-06-04', 0),
(899, 'testName699', 899, '9', 'testD1699', 'testD2699', 'testD3699', 'testC699', '2018-06-04', 0),
(900, 'testName700', 900, '0', 'testD1700', 'testD2700', 'testD3700', 'testC700', '2018-06-04', 0),
(901, 'testName701', 901, '1', 'testD1701', 'testD2701', 'testD3701', 'testC701', '2018-06-04', 0),
(902, 'testName702', 902, '2', 'testD1702', 'testD2702', 'testD3702', 'testC702', '2018-06-04', 0),
(903, 'testName703', 903, '3', 'testD1703', 'testD2703', 'testD3703', 'testC703', '2018-06-04', 0),
(904, 'testName704', 904, '4', 'testD1704', 'testD2704', 'testD3704', 'testC704', '2018-06-04', 0),
(905, 'testName705', 905, '5', 'testD1705', 'testD2705', 'testD3705', 'testC705', '2018-06-04', 0),
(906, 'testName706', 906, '6', 'testD1706', 'testD2706', 'testD3706', 'testC706', '2018-06-04', 0),
(907, 'testName707', 907, '7', 'testD1707', 'testD2707', 'testD3707', 'testC707', '2018-06-04', 0),
(908, 'testName708', 908, '8', 'testD1708', 'testD2708', 'testD3708', 'testC708', '2018-06-04', 0),
(909, 'testName709', 909, '9', 'testD1709', 'testD2709', 'testD3709', 'testC709', '2018-06-04', 0),
(910, 'testName710', 910, '0', 'testD1710', 'testD2710', 'testD3710', 'testC710', '2018-06-04', 0),
(911, 'testName711', 911, '1', 'testD1711', 'testD2711', 'testD3711', 'testC711', '2018-06-04', 0),
(912, 'testName712', 912, '2', 'testD1712', 'testD2712', 'testD3712', 'testC712', '2018-06-04', 0),
(913, 'testName713', 913, '3', 'testD1713', 'testD2713', 'testD3713', 'testC713', '2018-06-04', 0),
(914, 'testName714', 914, '4', 'testD1714', 'testD2714', 'testD3714', 'testC714', '2018-06-04', 0),
(915, 'testName715', 915, '5', 'testD1715', 'testD2715', 'testD3715', 'testC715', '2018-06-04', 0),
(916, 'testName716', 916, '6', 'testD1716', 'testD2716', 'testD3716', 'testC716', '2018-06-04', 0),
(917, 'testName717', 917, '7', 'testD1717', 'testD2717', 'testD3717', 'testC717', '2018-06-04', 0),
(918, 'testName718', 918, '8', 'testD1718', 'testD2718', 'testD3718', 'testC718', '2018-06-04', 0),
(919, 'testName719', 919, '9', 'testD1719', 'testD2719', 'testD3719', 'testC719', '2018-06-04', 0),
(920, 'testName720', 920, '0', 'testD1720', 'testD2720', 'testD3720', 'testC720', '2018-06-04', 0),
(921, 'testName721', 921, '1', 'testD1721', 'testD2721', 'testD3721', 'testC721', '2018-06-04', 0),
(922, 'testName722', 922, '2', 'testD1722', 'testD2722', 'testD3722', 'testC722', '2018-06-04', 0),
(923, 'testName723', 923, '3', 'testD1723', 'testD2723', 'testD3723', 'testC723', '2018-06-04', 0),
(924, 'testName724', 924, '4', 'testD1724', 'testD2724', 'testD3724', 'testC724', '2018-06-04', 0),
(925, 'testName725', 925, '5', 'testD1725', 'testD2725', 'testD3725', 'testC725', '2018-06-04', 0),
(926, 'testName726', 926, '6', 'testD1726', 'testD2726', 'testD3726', 'testC726', '2018-06-04', 0),
(927, 'testName727', 927, '7', 'testD1727', 'testD2727', 'testD3727', 'testC727', '2018-06-04', 0),
(928, 'testName728', 928, '8', 'testD1728', 'testD2728', 'testD3728', 'testC728', '2018-06-04', 0),
(929, 'testName729', 929, '9', 'testD1729', 'testD2729', 'testD3729', 'testC729', '2018-06-04', 0),
(930, 'testName730', 930, '0', 'testD1730', 'testD2730', 'testD3730', 'testC730', '2018-06-04', 0),
(931, 'testName731', 931, '1', 'testD1731', 'testD2731', 'testD3731', 'testC731', '2018-06-04', 0),
(932, 'testName732', 932, '2', 'testD1732', 'testD2732', 'testD3732', 'testC732', '2018-06-04', 0),
(933, 'testName733', 933, '3', 'testD1733', 'testD2733', 'testD3733', 'testC733', '2018-06-04', 0),
(934, 'testName734', 934, '4', 'testD1734', 'testD2734', 'testD3734', 'testC734', '2018-06-04', 0),
(935, 'testName735', 935, '5', 'testD1735', 'testD2735', 'testD3735', 'testC735', '2018-06-04', 0),
(936, 'testName736', 936, '6', 'testD1736', 'testD2736', 'testD3736', 'testC736', '2018-06-04', 0),
(937, 'testName737', 937, '7', 'testD1737', 'testD2737', 'testD3737', 'testC737', '2018-06-04', 0),
(938, 'testName738', 938, '8', 'testD1738', 'testD2738', 'testD3738', 'testC738', '2018-06-04', 0),
(939, 'testName739', 939, '9', 'testD1739', 'testD2739', 'testD3739', 'testC739', '2018-06-04', 0),
(940, 'testName740', 940, '0', 'testD1740', 'testD2740', 'testD3740', 'testC740', '2018-06-04', 0),
(941, 'testName741', 941, '1', 'testD1741', 'testD2741', 'testD3741', 'testC741', '2018-06-04', 0),
(942, 'testName742', 942, '2', 'testD1742', 'testD2742', 'testD3742', 'testC742', '2018-06-04', 0),
(943, 'testName743', 943, '3', 'testD1743', 'testD2743', 'testD3743', 'testC743', '2018-06-04', 0),
(944, 'testName744', 944, '4', 'testD1744', 'testD2744', 'testD3744', 'testC744', '2018-06-04', 0),
(945, 'testName745', 945, '5', 'testD1745', 'testD2745', 'testD3745', 'testC745', '2018-06-04', 0),
(946, 'testName746', 946, '6', 'testD1746', 'testD2746', 'testD3746', 'testC746', '2018-06-04', 0),
(947, 'testName747', 947, '7', 'testD1747', 'testD2747', 'testD3747', 'testC747', '2018-06-04', 0),
(948, 'testName748', 948, '8', 'testD1748', 'testD2748', 'testD3748', 'testC748', '2018-06-04', 0),
(949, 'testName749', 949, '9', 'testD1749', 'testD2749', 'testD3749', 'testC749', '2018-06-04', 0),
(950, 'testName750', 950, '0', 'testD1750', 'testD2750', 'testD3750', 'testC750', '2018-06-04', 0),
(951, 'testName751', 951, '1', 'testD1751', 'testD2751', 'testD3751', 'testC751', '2018-06-04', 0),
(952, 'testName752', 952, '2', 'testD1752', 'testD2752', 'testD3752', 'testC752', '2018-06-04', 0),
(953, 'testName753', 953, '3', 'testD1753', 'testD2753', 'testD3753', 'testC753', '2018-06-04', 0),
(954, 'testName754', 954, '4', 'testD1754', 'testD2754', 'testD3754', 'testC754', '2018-06-04', 0),
(955, 'testName755', 955, '5', 'testD1755', 'testD2755', 'testD3755', 'testC755', '2018-06-04', 0),
(956, 'testName756', 956, '6', 'testD1756', 'testD2756', 'testD3756', 'testC756', '2018-06-04', 0),
(957, 'testName757', 957, '7', 'testD1757', 'testD2757', 'testD3757', 'testC757', '2018-06-04', 0),
(958, 'testName758', 958, '8', 'testD1758', 'testD2758', 'testD3758', 'testC758', '2018-06-04', 0),
(959, 'testName759', 959, '9', 'testD1759', 'testD2759', 'testD3759', 'testC759', '2018-06-04', 0),
(960, 'testName760', 960, '0', 'testD1760', 'testD2760', 'testD3760', 'testC760', '2018-06-04', 0),
(961, 'testName761', 961, '1', 'testD1761', 'testD2761', 'testD3761', 'testC761', '2018-06-04', 0),
(962, 'testName762', 962, '2', 'testD1762', 'testD2762', 'testD3762', 'testC762', '2018-06-04', 0),
(963, 'testName763', 963, '3', 'testD1763', 'testD2763', 'testD3763', 'testC763', '2018-06-04', 0),
(964, 'testName764', 964, '4', 'testD1764', 'testD2764', 'testD3764', 'testC764', '2018-06-04', 0),
(965, 'testName765', 965, '5', 'testD1765', 'testD2765', 'testD3765', 'testC765', '2018-06-04', 0),
(966, 'testName766', 966, '6', 'testD1766', 'testD2766', 'testD3766', 'testC766', '2018-06-04', 0),
(967, 'testName767', 967, '7', 'testD1767', 'testD2767', 'testD3767', 'testC767', '2018-06-04', 0),
(968, 'testName768', 968, '8', 'testD1768', 'testD2768', 'testD3768', 'testC768', '2018-06-04', 0),
(969, 'testName769', 969, '9', 'testD1769', 'testD2769', 'testD3769', 'testC769', '2018-06-04', 0),
(970, 'testName770', 970, '0', 'testD1770', 'testD2770', 'testD3770', 'testC770', '2018-06-04', 0),
(971, 'testName771', 971, '1', 'testD1771', 'testD2771', 'testD3771', 'testC771', '2018-06-04', 0),
(972, 'testName772', 972, '2', 'testD1772', 'testD2772', 'testD3772', 'testC772', '2018-06-04', 0),
(973, 'testName773', 973, '3', 'testD1773', 'testD2773', 'testD3773', 'testC773', '2018-06-04', 0),
(974, 'testName774', 974, '4', 'testD1774', 'testD2774', 'testD3774', 'testC774', '2018-06-04', 0),
(975, 'testName775', 975, '5', 'testD1775', 'testD2775', 'testD3775', 'testC775', '2018-06-04', 0),
(976, 'testName776', 976, '6', 'testD1776', 'testD2776', 'testD3776', 'testC776', '2018-06-04', 0),
(977, 'testName777', 977, '7', 'testD1777', 'testD2777', 'testD3777', 'testC777', '2018-06-04', 0),
(978, 'testName778', 978, '8', 'testD1778', 'testD2778', 'testD3778', 'testC778', '2018-06-04', 0),
(979, 'testName779', 979, '9', 'testD1779', 'testD2779', 'testD3779', 'testC779', '2018-06-04', 0),
(980, 'testName780', 980, '0', 'testD1780', 'testD2780', 'testD3780', 'testC780', '2018-06-04', 0),
(981, 'testName781', 981, '1', 'testD1781', 'testD2781', 'testD3781', 'testC781', '2018-06-04', 0),
(982, 'testName782', 982, '2', 'testD1782', 'testD2782', 'testD3782', 'testC782', '2018-06-04', 0),
(983, 'testName783', 983, '3', 'testD1783', 'testD2783', 'testD3783', 'testC783', '2018-06-04', 0),
(984, 'testName784', 984, '4', 'testD1784', 'testD2784', 'testD3784', 'testC784', '2018-06-04', 0),
(985, 'testName785', 985, '5', 'testD1785', 'testD2785', 'testD3785', 'testC785', '2018-06-04', 0),
(986, 'testName786', 986, '6', 'testD1786', 'testD2786', 'testD3786', 'testC786', '2018-06-04', 0),
(987, 'testName787', 987, '7', 'testD1787', 'testD2787', 'testD3787', 'testC787', '2018-06-04', 0),
(988, 'testName788', 988, '8', 'testD1788', 'testD2788', 'testD3788', 'testC788', '2018-06-04', 0),
(989, 'testName789', 989, '9', 'testD1789', 'testD2789', 'testD3789', 'testC789', '2018-06-04', 0),
(990, 'testName790', 990, '0', 'testD1790', 'testD2790', 'testD3790', 'testC790', '2018-06-04', 0),
(991, 'testName791', 991, '1', 'testD1791', 'testD2791', 'testD3791', 'testC791', '2018-06-04', 0),
(992, 'testName792', 992, '2', 'testD1792', 'testD2792', 'testD3792', 'testC792', '2018-06-04', 0),
(993, 'testName793', 993, '3', 'testD1793', 'testD2793', 'testD3793', 'testC793', '2018-06-04', 0),
(994, 'testName794', 994, '4', 'testD1794', 'testD2794', 'testD3794', 'testC794', '2018-06-04', 0),
(995, 'testName795', 995, '5', 'testD1795', 'testD2795', 'testD3795', 'testC795', '2018-06-04', 0),
(996, 'testName796', 996, '6', 'testD1796', 'testD2796', 'testD3796', 'testC796', '2018-06-04', 0),
(997, 'testName797', 997, '7', 'testD1797', 'testD2797', 'testD3797', 'testC797', '2018-06-04', 0),
(998, 'testName798', 998, '8', 'testD1798', 'testD2798', 'testD3798', 'testC798', '2018-06-04', 0),
(999, 'testName799', 999, '9', 'testD1799', 'testD2799', 'testD3799', 'testC799', '2018-06-04', 0),
(1000, 'testName800', 1000, '0', 'testD1800', 'testD2800', 'testD3800', 'testC800', '2018-06-04', 0),
(1001, 'testName801', 1001, '1', 'testD1801', 'testD2801', 'testD3801', 'testC801', '2018-06-04', 0),
(1002, 'testName802', 1002, '2', 'testD1802', 'testD2802', 'testD3802', 'testC802', '2018-06-04', 0),
(1003, 'testName803', 1003, '3', 'testD1803', 'testD2803', 'testD3803', 'testC803', '2018-06-04', 0),
(1004, 'testName804', 1004, '4', 'testD1804', 'testD2804', 'testD3804', 'testC804', '2018-06-04', 0),
(1005, 'testName805', 1005, '5', 'testD1805', 'testD2805', 'testD3805', 'testC805', '2018-06-04', 0),
(1006, 'testName806', 1006, '6', 'testD1806', 'testD2806', 'testD3806', 'testC806', '2018-06-04', 0),
(1007, 'testName807', 1007, '7', 'testD1807', 'testD2807', 'testD3807', 'testC807', '2018-06-04', 0),
(1008, 'testName808', 1008, '8', 'testD1808', 'testD2808', 'testD3808', 'testC808', '2018-06-04', 0),
(1009, 'testName809', 1009, '9', 'testD1809', 'testD2809', 'testD3809', 'testC809', '2018-06-04', 0),
(1010, 'testName810', 1010, '0', 'testD1810', 'testD2810', 'testD3810', 'testC810', '2018-06-04', 0),
(1011, 'testName811', 1011, '1', 'testD1811', 'testD2811', 'testD3811', 'testC811', '2018-06-04', 0),
(1012, 'testName812', 1012, '2', 'testD1812', 'testD2812', 'testD3812', 'testC812', '2018-06-04', 0),
(1013, 'testName813', 1013, '3', 'testD1813', 'testD2813', 'testD3813', 'testC813', '2018-06-04', 0),
(1014, 'testName814', 1014, '4', 'testD1814', 'testD2814', 'testD3814', 'testC814', '2018-06-04', 0),
(1015, 'testName815', 1015, '5', 'testD1815', 'testD2815', 'testD3815', 'testC815', '2018-06-04', 0),
(1016, 'testName816', 1016, '6', 'testD1816', 'testD2816', 'testD3816', 'testC816', '2018-06-04', 0),
(1017, 'testName817', 1017, '7', 'testD1817', 'testD2817', 'testD3817', 'testC817', '2018-06-04', 0),
(1018, 'testName818', 1018, '8', 'testD1818', 'testD2818', 'testD3818', 'testC818', '2018-06-04', 0),
(1019, 'testName819', 1019, '9', 'testD1819', 'testD2819', 'testD3819', 'testC819', '2018-06-04', 0),
(1020, 'testName820', 1020, '0', 'testD1820', 'testD2820', 'testD3820', 'testC820', '2018-06-04', 0),
(1021, 'testName821', 1021, '1', 'testD1821', 'testD2821', 'testD3821', 'testC821', '2018-06-04', 0),
(1022, 'testName822', 1022, '2', 'testD1822', 'testD2822', 'testD3822', 'testC822', '2018-06-04', 0),
(1023, 'testName823', 1023, '3', 'testD1823', 'testD2823', 'testD3823', 'testC823', '2018-06-04', 0),
(1024, 'testName824', 1024, '4', 'testD1824', 'testD2824', 'testD3824', 'testC824', '2018-06-04', 0),
(1025, 'testName825', 1025, '5', 'testD1825', 'testD2825', 'testD3825', 'testC825', '2018-06-04', 0),
(1026, 'testName826', 1026, '6', 'testD1826', 'testD2826', 'testD3826', 'testC826', '2018-06-04', 0),
(1027, 'testName827', 1027, '7', 'testD1827', 'testD2827', 'testD3827', 'testC827', '2018-06-04', 0),
(1028, 'testName828', 1028, '8', 'testD1828', 'testD2828', 'testD3828', 'testC828', '2018-06-04', 0),
(1029, 'testName829', 1029, '9', 'testD1829', 'testD2829', 'testD3829', 'testC829', '2018-06-04', 0),
(1030, 'testName830', 1030, '0', 'testD1830', 'testD2830', 'testD3830', 'testC830', '2018-06-04', 0),
(1031, 'testName831', 1031, '1', 'testD1831', 'testD2831', 'testD3831', 'testC831', '2018-06-04', 0),
(1032, 'testName832', 1032, '2', 'testD1832', 'testD2832', 'testD3832', 'testC832', '2018-06-04', 0),
(1033, 'testName833', 1033, '3', 'testD1833', 'testD2833', 'testD3833', 'testC833', '2018-06-04', 0),
(1034, 'testName834', 1034, '4', 'testD1834', 'testD2834', 'testD3834', 'testC834', '2018-06-04', 0),
(1035, 'testName835', 1035, '5', 'testD1835', 'testD2835', 'testD3835', 'testC835', '2018-06-04', 0),
(1036, 'testName836', 1036, '6', 'testD1836', 'testD2836', 'testD3836', 'testC836', '2018-06-04', 0),
(1037, 'testName837', 1037, '7', 'testD1837', 'testD2837', 'testD3837', 'testC837', '2018-06-04', 0),
(1038, 'testName838', 1038, '8', 'testD1838', 'testD2838', 'testD3838', 'testC838', '2018-06-04', 0),
(1039, 'testName839', 1039, '9', 'testD1839', 'testD2839', 'testD3839', 'testC839', '2018-06-04', 0),
(1040, 'testName840', 1040, '0', 'testD1840', 'testD2840', 'testD3840', 'testC840', '2018-06-04', 0),
(1041, 'testName841', 1041, '1', 'testD1841', 'testD2841', 'testD3841', 'testC841', '2018-06-04', 0),
(1042, 'testName842', 1042, '2', 'testD1842', 'testD2842', 'testD3842', 'testC842', '2018-06-04', 0),
(1043, 'testName843', 1043, '3', 'testD1843', 'testD2843', 'testD3843', 'testC843', '2018-06-04', 0),
(1044, 'testName844', 1044, '4', 'testD1844', 'testD2844', 'testD3844', 'testC844', '2018-06-04', 0),
(1045, 'testName845', 1045, '5', 'testD1845', 'testD2845', 'testD3845', 'testC845', '2018-06-04', 0),
(1046, 'testName846', 1046, '6', 'testD1846', 'testD2846', 'testD3846', 'testC846', '2018-06-04', 0),
(1047, 'testName847', 1047, '7', 'testD1847', 'testD2847', 'testD3847', 'testC847', '2018-06-04', 0),
(1048, 'testName848', 1048, '8', 'testD1848', 'testD2848', 'testD3848', 'testC848', '2018-06-04', 0),
(1049, 'testName849', 1049, '9', 'testD1849', 'testD2849', 'testD3849', 'testC849', '2018-06-04', 0),
(1050, 'testName850', 1050, '0', 'testD1850', 'testD2850', 'testD3850', 'testC850', '2018-06-04', 0),
(1051, 'testName851', 1051, '1', 'testD1851', 'testD2851', 'testD3851', 'testC851', '2018-06-04', 0),
(1052, 'testName852', 1052, '2', 'testD1852', 'testD2852', 'testD3852', 'testC852', '2018-06-04', 0),
(1053, 'testName853', 1053, '3', 'testD1853', 'testD2853', 'testD3853', 'testC853', '2018-06-04', 0),
(1054, 'testName854', 1054, '4', 'testD1854', 'testD2854', 'testD3854', 'testC854', '2018-06-04', 0),
(1055, 'testName855', 1055, '5', 'testD1855', 'testD2855', 'testD3855', 'testC855', '2018-06-04', 0),
(1056, 'testName856', 1056, '6', 'testD1856', 'testD2856', 'testD3856', 'testC856', '2018-06-04', 0),
(1057, 'testName857', 1057, '7', 'testD1857', 'testD2857', 'testD3857', 'testC857', '2018-06-04', 0),
(1058, 'testName858', 1058, '8', 'testD1858', 'testD2858', 'testD3858', 'testC858', '2018-06-04', 0),
(1059, 'testName859', 1059, '9', 'testD1859', 'testD2859', 'testD3859', 'testC859', '2018-06-04', 0),
(1060, 'testName860', 1060, '0', 'testD1860', 'testD2860', 'testD3860', 'testC860', '2018-06-04', 0),
(1061, 'testName861', 1061, '1', 'testD1861', 'testD2861', 'testD3861', 'testC861', '2018-06-04', 0),
(1062, 'testName862', 1062, '2', 'testD1862', 'testD2862', 'testD3862', 'testC862', '2018-06-04', 0),
(1063, 'testName863', 1063, '3', 'testD1863', 'testD2863', 'testD3863', 'testC863', '2018-06-04', 0),
(1064, 'testName864', 1064, '4', 'testD1864', 'testD2864', 'testD3864', 'testC864', '2018-06-04', 0),
(1065, 'testName865', 1065, '5', 'testD1865', 'testD2865', 'testD3865', 'testC865', '2018-06-04', 0),
(1066, 'testName866', 1066, '6', 'testD1866', 'testD2866', 'testD3866', 'testC866', '2018-06-04', 0),
(1067, 'testName867', 1067, '7', 'testD1867', 'testD2867', 'testD3867', 'testC867', '2018-06-04', 0),
(1068, 'testName868', 1068, '8', 'testD1868', 'testD2868', 'testD3868', 'testC868', '2018-06-04', 0),
(1069, 'testName869', 1069, '9', 'testD1869', 'testD2869', 'testD3869', 'testC869', '2018-06-04', 0),
(1070, 'testName870', 1070, '0', 'testD1870', 'testD2870', 'testD3870', 'testC870', '2018-06-04', 0),
(1071, 'testName871', 1071, '1', 'testD1871', 'testD2871', 'testD3871', 'testC871', '2018-06-04', 0),
(1072, 'testName872', 1072, '2', 'testD1872', 'testD2872', 'testD3872', 'testC872', '2018-06-04', 0),
(1073, 'testName873', 1073, '3', 'testD1873', 'testD2873', 'testD3873', 'testC873', '2018-06-04', 0),
(1074, 'testName874', 1074, '4', 'testD1874', 'testD2874', 'testD3874', 'testC874', '2018-06-04', 0),
(1075, 'testName875', 1075, '5', 'testD1875', 'testD2875', 'testD3875', 'testC875', '2018-06-04', 0),
(1076, 'testName876', 1076, '6', 'testD1876', 'testD2876', 'testD3876', 'testC876', '2018-06-04', 0),
(1077, 'testName877', 1077, '7', 'testD1877', 'testD2877', 'testD3877', 'testC877', '2018-06-04', 0),
(1078, 'testName878', 1078, '8', 'testD1878', 'testD2878', 'testD3878', 'testC878', '2018-06-04', 0),
(1079, 'testName879', 1079, '9', 'testD1879', 'testD2879', 'testD3879', 'testC879', '2018-06-04', 0),
(1080, 'testName880', 1080, '0', 'testD1880', 'testD2880', 'testD3880', 'testC880', '2018-06-04', 0),
(1081, 'testName881', 1081, '1', 'testD1881', 'testD2881', 'testD3881', 'testC881', '2018-06-04', 0),
(1082, 'testName882', 1082, '2', 'testD1882', 'testD2882', 'testD3882', 'testC882', '2018-06-04', 0),
(1083, 'testName883', 1083, '3', 'testD1883', 'testD2883', 'testD3883', 'testC883', '2018-06-04', 0),
(1084, 'testName884', 1084, '4', 'testD1884', 'testD2884', 'testD3884', 'testC884', '2018-06-04', 0),
(1085, 'testName885', 1085, '5', 'testD1885', 'testD2885', 'testD3885', 'testC885', '2018-06-04', 0),
(1086, 'testName886', 1086, '6', 'testD1886', 'testD2886', 'testD3886', 'testC886', '2018-06-04', 0),
(1087, 'testName887', 1087, '7', 'testD1887', 'testD2887', 'testD3887', 'testC887', '2018-06-04', 0),
(1088, 'testName888', 1088, '8', 'testD1888', 'testD2888', 'testD3888', 'testC888', '2018-06-04', 0),
(1089, 'testName889', 1089, '9', 'testD1889', 'testD2889', 'testD3889', 'testC889', '2018-06-04', 0),
(1090, 'testName890', 1090, '0', 'testD1890', 'testD2890', 'testD3890', 'testC890', '2018-06-04', 0),
(1091, 'testName891', 1091, '1', 'testD1891', 'testD2891', 'testD3891', 'testC891', '2018-06-04', 0),
(1092, 'testName892', 1092, '2', 'testD1892', 'testD2892', 'testD3892', 'testC892', '2018-06-04', 0),
(1093, 'testName893', 1093, '3', 'testD1893', 'testD2893', 'testD3893', 'testC893', '2018-06-04', 0),
(1094, 'testName894', 1094, '4', 'testD1894', 'testD2894', 'testD3894', 'testC894', '2018-06-04', 0),
(1095, 'testName895', 1095, '5', 'testD1895', 'testD2895', 'testD3895', 'testC895', '2018-06-04', 0),
(1096, 'testName896', 1096, '6', 'testD1896', 'testD2896', 'testD3896', 'testC896', '2018-06-04', 0),
(1097, 'testName897', 1097, '7', 'testD1897', 'testD2897', 'testD3897', 'testC897', '2018-06-04', 0),
(1098, 'testName898', 1098, '8', 'testD1898', 'testD2898', 'testD3898', 'testC898', '2018-06-04', 0),
(1099, 'testName899', 1099, '9', 'testD1899', 'testD2899', 'testD3899', 'testC899', '2018-06-04', 0),
(1100, 'testName900', 1100, '0', 'testD1900', 'testD2900', 'testD3900', 'testC900', '2018-06-04', 0),
(1101, 'testName901', 1101, '1', 'testD1901', 'testD2901', 'testD3901', 'testC901', '2018-06-04', 0),
(1102, 'testName902', 1102, '2', 'testD1902', 'testD2902', 'testD3902', 'testC902', '2018-06-04', 0),
(1103, 'testName903', 1103, '3', 'testD1903', 'testD2903', 'testD3903', 'testC903', '2018-06-04', 0),
(1104, 'testName904', 1104, '4', 'testD1904', 'testD2904', 'testD3904', 'testC904', '2018-06-04', 0),
(1105, 'testName905', 1105, '5', 'testD1905', 'testD2905', 'testD3905', 'testC905', '2018-06-04', 0),
(1106, 'testName906', 1106, '6', 'testD1906', 'testD2906', 'testD3906', 'testC906', '2018-06-04', 0),
(1107, 'testName907', 1107, '7', 'testD1907', 'testD2907', 'testD3907', 'testC907', '2018-06-04', 0),
(1108, 'testName908', 1108, '8', 'testD1908', 'testD2908', 'testD3908', 'testC908', '2018-06-04', 0),
(1109, 'testName909', 1109, '9', 'testD1909', 'testD2909', 'testD3909', 'testC909', '2018-06-04', 0),
(1110, 'testName910', 1110, '0', 'testD1910', 'testD2910', 'testD3910', 'testC910', '2018-06-04', 0),
(1111, 'testName911', 1111, '1', 'testD1911', 'testD2911', 'testD3911', 'testC911', '2018-06-04', 0),
(1112, 'testName912', 1112, '2', 'testD1912', 'testD2912', 'testD3912', 'testC912', '2018-06-04', 0),
(1113, 'testName913', 1113, '3', 'testD1913', 'testD2913', 'testD3913', 'testC913', '2018-06-04', 0),
(1114, 'testName914', 1114, '4', 'testD1914', 'testD2914', 'testD3914', 'testC914', '2018-06-04', 0),
(1115, 'testName915', 1115, '5', 'testD1915', 'testD2915', 'testD3915', 'testC915', '2018-06-04', 0),
(1116, 'testName916', 1116, '6', 'testD1916', 'testD2916', 'testD3916', 'testC916', '2018-06-04', 0),
(1117, 'testName917', 1117, '7', 'testD1917', 'testD2917', 'testD3917', 'testC917', '2018-06-04', 0),
(1118, 'testName918', 1118, '8', 'testD1918', 'testD2918', 'testD3918', 'testC918', '2018-06-04', 0),
(1119, 'testName919', 1119, '9', 'testD1919', 'testD2919', 'testD3919', 'testC919', '2018-06-04', 0),
(1120, 'testName920', 1120, '0', 'testD1920', 'testD2920', 'testD3920', 'testC920', '2018-06-04', 0),
(1121, 'testName921', 1121, '1', 'testD1921', 'testD2921', 'testD3921', 'testC921', '2018-06-04', 0),
(1122, 'testName922', 1122, '2', 'testD1922', 'testD2922', 'testD3922', 'testC922', '2018-06-04', 0),
(1123, 'testName923', 1123, '3', 'testD1923', 'testD2923', 'testD3923', 'testC923', '2018-06-04', 0),
(1124, 'testName924', 1124, '4', 'testD1924', 'testD2924', 'testD3924', 'testC924', '2018-06-04', 0),
(1125, 'testName925', 1125, '5', 'testD1925', 'testD2925', 'testD3925', 'testC925', '2018-06-04', 0),
(1126, 'testName926', 1126, '6', 'testD1926', 'testD2926', 'testD3926', 'testC926', '2018-06-04', 0),
(1127, 'testName927', 1127, '7', 'testD1927', 'testD2927', 'testD3927', 'testC927', '2018-06-04', 0),
(1128, 'testName928', 1128, '8', 'testD1928', 'testD2928', 'testD3928', 'testC928', '2018-06-04', 0),
(1129, 'testName929', 1129, '9', 'testD1929', 'testD2929', 'testD3929', 'testC929', '2018-06-04', 0),
(1130, 'testName930', 1130, '0', 'testD1930', 'testD2930', 'testD3930', 'testC930', '2018-06-04', 0),
(1131, 'testName931', 1131, '1', 'testD1931', 'testD2931', 'testD3931', 'testC931', '2018-06-04', 0),
(1132, 'testName932', 1132, '2', 'testD1932', 'testD2932', 'testD3932', 'testC932', '2018-06-04', 0),
(1133, 'testName933', 1133, '3', 'testD1933', 'testD2933', 'testD3933', 'testC933', '2018-06-04', 0),
(1134, 'testName934', 1134, '4', 'testD1934', 'testD2934', 'testD3934', 'testC934', '2018-06-04', 0),
(1135, 'testName935', 1135, '5', 'testD1935', 'testD2935', 'testD3935', 'testC935', '2018-06-04', 0),
(1136, 'testName936', 1136, '6', 'testD1936', 'testD2936', 'testD3936', 'testC936', '2018-06-04', 0),
(1137, 'testName937', 1137, '7', 'testD1937', 'testD2937', 'testD3937', 'testC937', '2018-06-04', 0),
(1138, 'testName938', 1138, '8', 'testD1938', 'testD2938', 'testD3938', 'testC938', '2018-06-04', 0),
(1139, 'testName939', 1139, '9', 'testD1939', 'testD2939', 'testD3939', 'testC939', '2018-06-04', 0),
(1140, 'testName940', 1140, '0', 'testD1940', 'testD2940', 'testD3940', 'testC940', '2018-06-04', 0),
(1141, 'testName941', 1141, '1', 'testD1941', 'testD2941', 'testD3941', 'testC941', '2018-06-04', 0),
(1142, 'testName942', 1142, '2', 'testD1942', 'testD2942', 'testD3942', 'testC942', '2018-06-04', 0),
(1143, 'testName943', 1143, '3', 'testD1943', 'testD2943', 'testD3943', 'testC943', '2018-06-04', 0),
(1144, 'testName944', 1144, '4', 'testD1944', 'testD2944', 'testD3944', 'testC944', '2018-06-04', 0),
(1145, 'testName945', 1145, '5', 'testD1945', 'testD2945', 'testD3945', 'testC945', '2018-06-04', 0),
(1146, 'testName946', 1146, '6', 'testD1946', 'testD2946', 'testD3946', 'testC946', '2018-06-04', 0),
(1147, 'testName947', 1147, '7', 'testD1947', 'testD2947', 'testD3947', 'testC947', '2018-06-04', 0),
(1148, 'testName948', 1148, '8', 'testD1948', 'testD2948', 'testD3948', 'testC948', '2018-06-04', 0),
(1149, 'testName949', 1149, '9', 'testD1949', 'testD2949', 'testD3949', 'testC949', '2018-06-04', 0),
(1150, 'testName950', 1150, '0', 'testD1950', 'testD2950', 'testD3950', 'testC950', '2018-06-04', 0),
(1151, 'testName951', 1151, '1', 'testD1951', 'testD2951', 'testD3951', 'testC951', '2018-06-04', 0),
(1152, 'testName952', 1152, '2', 'testD1952', 'testD2952', 'testD3952', 'testC952', '2018-06-04', 0),
(1153, 'testName953', 1153, '3', 'testD1953', 'testD2953', 'testD3953', 'testC953', '2018-06-04', 0),
(1154, 'testName954', 1154, '4', 'testD1954', 'testD2954', 'testD3954', 'testC954', '2018-06-04', 0),
(1155, 'testName955', 1155, '5', 'testD1955', 'testD2955', 'testD3955', 'testC955', '2018-06-04', 0),
(1156, 'testName956', 1156, '6', 'testD1956', 'testD2956', 'testD3956', 'testC956', '2018-06-04', 0),
(1157, 'testName957', 1157, '7', 'testD1957', 'testD2957', 'testD3957', 'testC957', '2018-06-04', 0),
(1158, 'testName958', 1158, '8', 'testD1958', 'testD2958', 'testD3958', 'testC958', '2018-06-04', 0),
(1159, 'testName959', 1159, '9', 'testD1959', 'testD2959', 'testD3959', 'testC959', '2018-06-04', 0),
(1160, 'testName960', 1160, '0', 'testD1960', 'testD2960', 'testD3960', 'testC960', '2018-06-04', 0),
(1161, 'testName961', 1161, '1', 'testD1961', 'testD2961', 'testD3961', 'testC961', '2018-06-04', 0),
(1162, 'testName962', 1162, '2', 'testD1962', 'testD2962', 'testD3962', 'testC962', '2018-06-04', 0),
(1163, 'testName963', 1163, '3', 'testD1963', 'testD2963', 'testD3963', 'testC963', '2018-06-04', 0),
(1164, 'testName964', 1164, '4', 'testD1964', 'testD2964', 'testD3964', 'testC964', '2018-06-04', 0),
(1165, 'testName965', 1165, '5', 'testD1965', 'testD2965', 'testD3965', 'testC965', '2018-06-04', 0),
(1166, 'testName966', 1166, '6', 'testD1966', 'testD2966', 'testD3966', 'testC966', '2018-06-04', 0),
(1167, 'testName967', 1167, '7', 'testD1967', 'testD2967', 'testD3967', 'testC967', '2018-06-04', 0),
(1168, 'testName968', 1168, '8', 'testD1968', 'testD2968', 'testD3968', 'testC968', '2018-06-04', 0),
(1169, 'testName969', 1169, '9', 'testD1969', 'testD2969', 'testD3969', 'testC969', '2018-06-04', 0),
(1170, 'testName970', 1170, '0', 'testD1970', 'testD2970', 'testD3970', 'testC970', '2018-06-04', 0),
(1171, 'testName971', 1171, '1', 'testD1971', 'testD2971', 'testD3971', 'testC971', '2018-06-04', 0),
(1172, 'testName972', 1172, '2', 'testD1972', 'testD2972', 'testD3972', 'testC972', '2018-06-04', 0),
(1173, 'testName973', 1173, '3', 'testD1973', 'testD2973', 'testD3973', 'testC973', '2018-06-04', 0),
(1174, 'testName974', 1174, '4', 'testD1974', 'testD2974', 'testD3974', 'testC974', '2018-06-04', 0),
(1175, 'testName975', 1175, '5', 'testD1975', 'testD2975', 'testD3975', 'testC975', '2018-06-04', 0),
(1176, 'testName976', 1176, '6', 'testD1976', 'testD2976', 'testD3976', 'testC976', '2018-06-04', 0),
(1177, 'testName977', 1177, '7', 'testD1977', 'testD2977', 'testD3977', 'testC977', '2018-06-04', 0),
(1178, 'testName978', 1178, '8', 'testD1978', 'testD2978', 'testD3978', 'testC978', '2018-06-04', 0),
(1179, 'testName979', 1179, '9', 'testD1979', 'testD2979', 'testD3979', 'testC979', '2018-06-04', 0),
(1180, 'testName980', 1180, '0', 'testD1980', 'testD2980', 'testD3980', 'testC980', '2018-06-04', 0),
(1181, 'testName981', 1181, '1', 'testD1981', 'testD2981', 'testD3981', 'testC981', '2018-06-04', 0),
(1182, 'testName982', 1182, '2', 'testD1982', 'testD2982', 'testD3982', 'testC982', '2018-06-04', 0),
(1183, 'testName983', 1183, '3', 'testD1983', 'testD2983', 'testD3983', 'testC983', '2018-06-04', 0),
(1184, 'testName984', 1184, '4', 'testD1984', 'testD2984', 'testD3984', 'testC984', '2018-06-04', 0),
(1185, 'testName985', 1185, '5', 'testD1985', 'testD2985', 'testD3985', 'testC985', '2018-06-04', 0),
(1186, 'testName986', 1186, '6', 'testD1986', 'testD2986', 'testD3986', 'testC986', '2018-06-04', 0),
(1187, 'testName987', 1187, '7', 'testD1987', 'testD2987', 'testD3987', 'testC987', '2018-06-04', 0),
(1188, 'testName988', 1188, '8', 'testD1988', 'testD2988', 'testD3988', 'testC988', '2018-06-04', 0),
(1189, 'testName989', 1189, '9', 'testD1989', 'testD2989', 'testD3989', 'testC989', '2018-06-04', 0),
(1190, 'testName990', 1190, '0', 'testD1990', 'testD2990', 'testD3990', 'testC990', '2018-06-04', 0),
(1191, 'testName991', 1191, '1', 'testD1991', 'testD2991', 'testD3991', 'testC991', '2018-06-04', 0),
(1192, 'testName992', 1192, '2', 'testD1992', 'testD2992', 'testD3992', 'testC992', '2018-06-04', 0),
(1193, 'testName993', 1193, '3', 'testD1993', 'testD2993', 'testD3993', 'testC993', '2018-06-04', 0),
(1194, 'testName994', 1194, '4', 'testD1994', 'testD2994', 'testD3994', 'testC994', '2018-06-04', 0),
(1195, 'testName995', 1195, '5', 'testD1995', 'testD2995', 'testD3995', 'testC995', '2018-06-04', 0),
(1196, 'testName996', 1196, '6', 'testD1996', 'testD2996', 'testD3996', 'testC996', '2018-06-04', 0),
(1197, 'testName997', 1197, '7', 'testD1997', 'testD2997', 'testD3997', 'testC997', '2018-06-04', 0),
(1198, 'testName998', 1198, '8', 'testD1998', 'testD2998', 'testD3998', 'testC998', '2018-06-04', 0),
(1199, 'testName999', 1199, '9', 'testD1999', 'testD2999', 'testD3999', 'testC999', '2018-06-04', 0);

-- --------------------------------------------------------

--
-- 테이블 구조 `user`
--

CREATE TABLE `user` (
  `userID` varchar(45) NOT NULL,
  `pswd` varchar(45) NOT NULL,
  `name` varchar(45) NOT NULL,
  `joined_date` date NOT NULL,
  `zipCode` varchar(45) NOT NULL,
  `address` varchar(45) NOT NULL,
  `email` varchar(45) NOT NULL,
  `telNum` varchar(45) NOT NULL,
  `mileage` int(45) NOT NULL
) ENGINE=InnoDB DEFAULT CHARSET=utf8;

--
-- 테이블의 덤프 데이터 `user`
--

INSERT INTO `user` (`userID`, `pswd`, `name`, `joined_date`, `zipCode`, `address`, `email`, `telNum`, `mileage`) VALUES
('1111', '1111', '이주빈', '2018-06-04', '서울', '흑석동', 'ㅁㅁㅁㅁ', '1234', 1000),
('test', '', '1', '2018-06-03', '', '', '', '', 1000),
('test22', '4444', '이정수', '2018-06-03', '159-163', '서울시 동작구 상도동 159-163번지 브론즈빌 305호', 'peppersuhr@naver.com', '010-6389-1569', 1000);

--
-- 덤프된 테이블의 인덱스
--

--
-- 테이블의 인덱스 `admin`
--
ALTER TABLE `admin`
  ADD PRIMARY KEY (`bigdreamCode`);

--
-- 테이블의 인덱스 `cart`
--
ALTER TABLE `cart`
  ADD PRIMARY KEY (`userID`,`itemID`),
  ADD KEY `itemID_2` (`itemID`),
  ADD KEY `itemID` (`itemID`) USING BTREE;

--
-- 테이블의 인덱스 `categorylist`
--
ALTER TABLE `categorylist`
  ADD PRIMARY KEY (`orderNumber`);

--
-- 테이블의 인덱스 `item`
--
ALTER TABLE `item`
  ADD PRIMARY KEY (`itemID`);

--
-- 테이블의 인덱스 `user`
--
ALTER TABLE `user`
  ADD PRIMARY KEY (`userID`);

--
-- 덤프된 테이블의 제약사항
--

--
-- 테이블의 제약사항 `cart`
--
ALTER TABLE `cart`
  ADD CONSTRAINT `cart_ibfk_1` FOREIGN KEY (`itemID`) REFERENCES `item` (`itemID`),
  ADD CONSTRAINT `cart_ibfk_2` FOREIGN KEY (`userID`) REFERENCES `user` (`userID`);
COMMIT;

/*!40101 SET CHARACTER_SET_CLIENT=@OLD_CHARACTER_SET_CLIENT */;
/*!40101 SET CHARACTER_SET_RESULTS=@OLD_CHARACTER_SET_RESULTS */;
/*!40101 SET COLLATION_CONNECTION=@OLD_COLLATION_CONNECTION */;
